-171,560,OtCPQmwIIRNrw5d/+VQny17vEQs=,CPx0PiRDscSS8IiImgh2trI/qQ0=
-171,562,OtCPQmwIIRNrw5d/+VQny17vEQs=,CPx0PiRDscSS8IiImgh2trI/qQ0=
-173,560,vGLHwe8UmiV1ztFaIlVkd5iRACY=,CPx0PiRDscSS8IiImgh2trI/qQ0=
-176,564,vGLHwe8UmiV1ztFaIlVkd5iRACY=,CPx0PiRDscSS8IiImgh2trI/qQ0=
-172,563,vGLHwe8UmiV1ztFaIlVkd5iRACY=,CPx0PiRDscSS8IiImgh2trI/qQ0=
-173,563,vGLHwe8UmiV1ztFaIlVkd5iRACY=,CPx0PiRDscSS8IiImgh2trI/qQ0=
-171,561,vGLHwe8UmiV1ztFaIlVkd5iRACY=,CPx0PiRDscSS8IiImgh2trI/qQ0=
-172,561,vGLHwe8UmiV1ztFaIlVkd5iRACY=,CPx0PiRDscSS8IiImgh2trI/qQ0=
-171,563,vGLHwe8UmiV1ztFaIlVkd5iRACY=,CPx0PiRDscSS8IiImgh2trI/qQ0=
-161,563,vGLHwe8UmiV1ztFaIlVkd5iRACY=,CPx0PiRDscSS8IiImgh2trI/qQ0=
-169,562,vGLHwe8UmiV1ztFaIlVkd5iRACY=,CPx0PiRDscSS8IiImgh2trI/qQ0=
-170,560,mRkkqtll3UrWXaulAZYs0OZrFSk=,CPx0PiRDscSS8IiImgh2trI/qQ0=
-175,564,mRkkqtll3UrWXaulAZYs0OZrFSk=,CPx0PiRDscSS8IiImgh2trI/qQ0=
-174,564,mRkkqtll3UrWXaulAZYs0OZrFSk=,CPx0PiRDscSS8IiImgh2trI/qQ0=
-173,564,mRkkqtll3UrWXaulAZYs0OZrFSk=,CPx0PiRDscSS8IiImgh2trI/qQ0=
-172,564,mRkkqtll3UrWXaulAZYs0OZrFSk=,CPx0PiRDscSS8IiImgh2trI/qQ0=
-169,563,mRkkqtll3UrWXaulAZYs0OZrFSk=,CPx0PiRDscSS8IiImgh2trI/qQ0=
-170,561,mRkkqtll3UrWXaulAZYs0OZrFSk=,CPx0PiRDscSS8IiImgh2trI/qQ0=
-171,564,mRkkqtll3UrWXaulAZYs0OZrFSk=,CPx0PiRDscSS8IiImgh2trI/qQ0=
-168,563,mRkkqtll3UrWXaulAZYs0OZrFSk=,CPx0PiRDscSS8IiImgh2trI/qQ0=
-162,563,LTbIt0I8ZA/FeCb2KZ59zw+TEFI=,CPx0PiRDscSS8IiImgh2trI/qQ0=
-170,564,LTbIt0I8ZA/FeCb2KZ59zw+TEFI=,CPx0PiRDscSS8IiImgh2trI/qQ0=
-170,563,LTbIt0I8ZA/FeCb2KZ59zw+TEFI=,CPx0PiRDscSS8IiImgh2trI/qQ0=
-167,563,LTbIt0I8ZA/FeCb2KZ59zw+TEFI=,CPx0PiRDscSS8IiImgh2trI/qQ0=
-170,562,LTbIt0I8ZA/FeCb2KZ59zw+TEFI=,CPx0PiRDscSS8IiImgh2trI/qQ0=
-166,563,LTbIt0I8ZA/FeCb2KZ59zw+TEFI=,CPx0PiRDscSS8IiImgh2trI/qQ0=
-169,564,LTbIt0I8ZA/FeCb2KZ59zw+TEFI=,CPx0PiRDscSS8IiImgh2trI/qQ0=
-163,563,LTbIt0I8ZA/FeCb2KZ59zw+TEFI=,CPx0PiRDscSS8IiImgh2trI/qQ0=
-168,564,n4R8IMrIyjSSLHD+B8b+un2Ktw0=,CPx0PiRDscSS8IiImgh2trI/qQ0=
-165,563,n4R8IMrIyjSSLHD+B8b+un2Ktw0=,CPx0PiRDscSS8IiImgh2trI/qQ0=
-175,560,n4R8IMrIyjSSLHD+B8b+un2Ktw0=,CPx0PiRDscSS8IiImgh2trI/qQ0=
-174,563,n4R8IMrIyjSSLHD+B8b+un2Ktw0=,CPx0PiRDscSS8IiImgh2trI/qQ0=
-172,562,n4R8IMrIyjSSLHD+B8b+un2Ktw0=,CPx0PiRDscSS8IiImgh2trI/qQ0=
-167,564,n4R8IMrIyjSSLHD+B8b+un2Ktw0=,CPx0PiRDscSS8IiImgh2trI/qQ0=
-166,564,n4R8IMrIyjSSLHD+B8b+un2Ktw0=,CPx0PiRDscSS8IiImgh2trI/qQ0=
-165,564,n4R8IMrIyjSSLHD+B8b+un2Ktw0=,CPx0PiRDscSS8IiImgh2trI/qQ0=
-161,575,n4R8IMrIyjSSLHD+B8b+un2Ktw0=,CPx0PiRDscSS8IiImgh2trI/qQ0=
-164,563,n4R8IMrIyjSSLHD+B8b+un2Ktw0=,CPx0PiRDscSS8IiImgh2trI/qQ0=
-162,575,n4R8IMrIyjSSLHD+B8b+un2Ktw0=,CPx0PiRDscSS8IiImgh2trI/qQ0=
-164,564,n4R8IMrIyjSSLHD+B8b+un2Ktw0=,CPx0PiRDscSS8IiImgh2trI/qQ0=
-164,575,n4R8IMrIyjSSLHD+B8b+un2Ktw0=,CPx0PiRDscSS8IiImgh2trI/qQ0=
-163,575,n4R8IMrIyjSSLHD+B8b+un2Ktw0=,CPx0PiRDscSS8IiImgh2trI/qQ0=
-166,575,n4R8IMrIyjSSLHD+B8b+un2Ktw0=,CPx0PiRDscSS8IiImgh2trI/qQ0=
-168,575,n4R8IMrIyjSSLHD+B8b+un2Ktw0=,CPx0PiRDscSS8IiImgh2trI/qQ0=
-167,575,n4R8IMrIyjSSLHD+B8b+un2Ktw0=,CPx0PiRDscSS8IiImgh2trI/qQ0=
-165,575,n4R8IMrIyjSSLHD+B8b+un2Ktw0=,CPx0PiRDscSS8IiImgh2trI/qQ0=
-169,575,n4R8IMrIyjSSLHD+B8b+un2Ktw0=,CPx0PiRDscSS8IiImgh2trI/qQ0=
-170,575,n4R8IMrIyjSSLHD+B8b+un2Ktw0=,CPx0PiRDscSS8IiImgh2trI/qQ0=
-171,575,n4R8IMrIyjSSLHD+B8b+un2Ktw0=,CPx0PiRDscSS8IiImgh2trI/qQ0=
-173,575,n4R8IMrIyjSSLHD+B8b+un2Ktw0=,CPx0PiRDscSS8IiImgh2trI/qQ0=
-174,575,n4R8IMrIyjSSLHD+B8b+un2Ktw0=,CPx0PiRDscSS8IiImgh2trI/qQ0=
-175,575,n4R8IMrIyjSSLHD+B8b+un2Ktw0=,CPx0PiRDscSS8IiImgh2trI/qQ0=
-175,563,n4R8IMrIyjSSLHD+B8b+un2Ktw0=,CPx0PiRDscSS8IiImgh2trI/qQ0=
-176,575,n4R8IMrIyjSSLHD+B8b+un2Ktw0=,CPx0PiRDscSS8IiImgh2trI/qQ0=
-172,560,n4R8IMrIyjSSLHD+B8b+un2Ktw0=,CPx0PiRDscSS8IiImgh2trI/qQ0=
-163,564,n4R8IMrIyjSSLHD+B8b+un2Ktw0=,CPx0PiRDscSS8IiImgh2trI/qQ0=
-172,575,n4R8IMrIyjSSLHD+B8b+un2Ktw0=,CPx0PiRDscSS8IiImgh2trI/qQ0=
-173,562,n4R8IMrIyjSSLHD+B8b+un2Ktw0=,CPx0PiRDscSS8IiImgh2trI/qQ0=
-161,574,n4R8IMrIyjSSLHD+B8b+un2Ktw0=,CPx0PiRDscSS8IiImgh2trI/qQ0=
-162,574,n4R8IMrIyjSSLHD+B8b+un2Ktw0=,CPx0PiRDscSS8IiImgh2trI/qQ0=
-162,564,n4R8IMrIyjSSLHD+B8b+un2Ktw0=,CPx0PiRDscSS8IiImgh2trI/qQ0=
-161,564,n4R8IMrIyjSSLHD+B8b+un2Ktw0=,CPx0PiRDscSS8IiImgh2trI/qQ0=
-164,574,n4R8IMrIyjSSLHD+B8b+un2Ktw0=,CPx0PiRDscSS8IiImgh2trI/qQ0=
-165,574,n4R8IMrIyjSSLHD+B8b+un2Ktw0=,CPx0PiRDscSS8IiImgh2trI/qQ0=
-166,574,n4R8IMrIyjSSLHD+B8b+un2Ktw0=,CPx0PiRDscSS8IiImgh2trI/qQ0=
-167,574,n4R8IMrIyjSSLHD+B8b+un2Ktw0=,CPx0PiRDscSS8IiImgh2trI/qQ0=
-168,574,n4R8IMrIyjSSLHD+B8b+un2Ktw0=,CPx0PiRDscSS8IiImgh2trI/qQ0=
-169,574,n4R8IMrIyjSSLHD+B8b+un2Ktw0=,CPx0PiRDscSS8IiImgh2trI/qQ0=
-170,574,n4R8IMrIyjSSLHD+B8b+un2Ktw0=,CPx0PiRDscSS8IiImgh2trI/qQ0=
-163,574,n4R8IMrIyjSSLHD+B8b+un2Ktw0=,CPx0PiRDscSS8IiImgh2trI/qQ0=
-172,574,n4R8IMrIyjSSLHD+B8b+un2Ktw0=,CPx0PiRDscSS8IiImgh2trI/qQ0=
-173,574,n4R8IMrIyjSSLHD+B8b+un2Ktw0=,CPx0PiRDscSS8IiImgh2trI/qQ0=
-174,574,n4R8IMrIyjSSLHD+B8b+un2Ktw0=,CPx0PiRDscSS8IiImgh2trI/qQ0=
-175,574,n4R8IMrIyjSSLHD+B8b+un2Ktw0=,CPx0PiRDscSS8IiImgh2trI/qQ0=
-176,574,n4R8IMrIyjSSLHD+B8b+un2Ktw0=,CPx0PiRDscSS8IiImgh2trI/qQ0=
-173,561,n4R8IMrIyjSSLHD+B8b+un2Ktw0=,CPx0PiRDscSS8IiImgh2trI/qQ0=
-171,574,n4R8IMrIyjSSLHD+B8b+un2Ktw0=,CPx0PiRDscSS8IiImgh2trI/qQ0=
-174,562,n4R8IMrIyjSSLHD+B8b+un2Ktw0=,CPx0PiRDscSS8IiImgh2trI/qQ0=
-169,561,n4R8IMrIyjSSLHD+B8b+un2Ktw0=,CPx0PiRDscSS8IiImgh2trI/qQ0=
-176,565,n4R8IMrIyjSSLHD+B8b+un2Ktw0=,CPx0PiRDscSS8IiImgh2trI/qQ0=
-161,573,n4R8IMrIyjSSLHD+B8b+un2Ktw0=,CPx0PiRDscSS8IiImgh2trI/qQ0=
-162,573,n4R8IMrIyjSSLHD+B8b+un2Ktw0=,CPx0PiRDscSS8IiImgh2trI/qQ0=
-168,562,n4R8IMrIyjSSLHD+B8b+un2Ktw0=,CPx0PiRDscSS8IiImgh2trI/qQ0=
-169,560,n4R8IMrIyjSSLHD+B8b+un2Ktw0=,CPx0PiRDscSS8IiImgh2trI/qQ0=
-175,565,n4R8IMrIyjSSLHD+B8b+un2Ktw0=,CPx0PiRDscSS8IiImgh2trI/qQ0=
-174,565,n4R8IMrIyjSSLHD+B8b+un2Ktw0=,CPx0PiRDscSS8IiImgh2trI/qQ0=
-173,565,n4R8IMrIyjSSLHD+B8b+un2Ktw0=,CPx0PiRDscSS8IiImgh2trI/qQ0=
-172,565,n4R8IMrIyjSSLHD+B8b+un2Ktw0=,CPx0PiRDscSS8IiImgh2trI/qQ0=
-171,565,n4R8IMrIyjSSLHD+B8b+un2Ktw0=,CPx0PiRDscSS8IiImgh2trI/qQ0=
-164,573,n4R8IMrIyjSSLHD+B8b+un2Ktw0=,CPx0PiRDscSS8IiImgh2trI/qQ0=
-163,573,n4R8IMrIyjSSLHD+B8b+un2Ktw0=,CPx0PiRDscSS8IiImgh2trI/qQ0=
-166,573,n4R8IMrIyjSSLHD+B8b+un2Ktw0=,CPx0PiRDscSS8IiImgh2trI/qQ0=
-167,573,n4R8IMrIyjSSLHD+B8b+un2Ktw0=,CPx0PiRDscSS8IiImgh2trI/qQ0=
-168,573,n4R8IMrIyjSSLHD+B8b+un2Ktw0=,CPx0PiRDscSS8IiImgh2trI/qQ0=
-169,573,n4R8IMrIyjSSLHD+B8b+un2Ktw0=,CPx0PiRDscSS8IiImgh2trI/qQ0=
-165,573,n4R8IMrIyjSSLHD+B8b+un2Ktw0=,CPx0PiRDscSS8IiImgh2trI/qQ0=
-170,565,n4R8IMrIyjSSLHD+B8b+un2Ktw0=,CPx0PiRDscSS8IiImgh2trI/qQ0=
-170,573,n4R8IMrIyjSSLHD+B8b+un2Ktw0=,CPx0PiRDscSS8IiImgh2trI/qQ0=
-172,573,n4R8IMrIyjSSLHD+B8b+un2Ktw0=,CPx0PiRDscSS8IiImgh2trI/qQ0=
-173,573,n4R8IMrIyjSSLHD+B8b+un2Ktw0=,CPx0PiRDscSS8IiImgh2trI/qQ0=
-174,573,n4R8IMrIyjSSLHD+B8b+un2Ktw0=,CPx0PiRDscSS8IiImgh2trI/qQ0=
-175,573,n4R8IMrIyjSSLHD+B8b+un2Ktw0=,CPx0PiRDscSS8IiImgh2trI/qQ0=
-176,573,n4R8IMrIyjSSLHD+B8b+un2Ktw0=,CPx0PiRDscSS8IiImgh2trI/qQ0=
-174,561,n4R8IMrIyjSSLHD+B8b+un2Ktw0=,CPx0PiRDscSS8IiImgh2trI/qQ0=
-171,573,n4R8IMrIyjSSLHD+B8b+un2Ktw0=,CPx0PiRDscSS8IiImgh2trI/qQ0=
-175,562,n4R8IMrIyjSSLHD+B8b+un2Ktw0=,CPx0PiRDscSS8IiImgh2trI/qQ0=
-169,565,n4R8IMrIyjSSLHD+B8b+un2Ktw0=,CPx0PiRDscSS8IiImgh2trI/qQ0=
-161,572,n4R8IMrIyjSSLHD+B8b+un2Ktw0=,CPx0PiRDscSS8IiImgh2trI/qQ0=
-162,572,n4R8IMrIyjSSLHD+B8b+un2Ktw0=,CPx0PiRDscSS8IiImgh2trI/qQ0=
-168,565,n4R8IMrIyjSSLHD+B8b+un2Ktw0=,CPx0PiRDscSS8IiImgh2trI/qQ0=
-164,572,n4R8IMrIyjSSLHD+B8b+un2Ktw0=,CPx0PiRDscSS8IiImgh2trI/qQ0=
-165,572,n4R8IMrIyjSSLHD+B8b+un2Ktw0=,CPx0PiRDscSS8IiImgh2trI/qQ0=
-166,572,n4R8IMrIyjSSLHD+B8b+un2Ktw0=,CPx0PiRDscSS8IiImgh2trI/qQ0=
-167,572,n4R8IMrIyjSSLHD+B8b+un2Ktw0=,CPx0PiRDscSS8IiImgh2trI/qQ0=
-163,572,n4R8IMrIyjSSLHD+B8b+un2Ktw0=,CPx0PiRDscSS8IiImgh2trI/qQ0=
-169,572,n4R8IMrIyjSSLHD+B8b+un2Ktw0=,CPx0PiRDscSS8IiImgh2trI/qQ0=
-168,572,n4R8IMrIyjSSLHD+B8b+un2Ktw0=,CPx0PiRDscSS8IiImgh2trI/qQ0=
-167,565,n4R8IMrIyjSSLHD+B8b+un2Ktw0=,CPx0PiRDscSS8IiImgh2trI/qQ0=
-166,565,n4R8IMrIyjSSLHD+B8b+un2Ktw0=,CPx0PiRDscSS8IiImgh2trI/qQ0=
-165,565,n4R8IMrIyjSSLHD+B8b+un2Ktw0=,CPx0PiRDscSS8IiImgh2trI/qQ0=
-170,572,n4R8IMrIyjSSLHD+B8b+un2Ktw0=,CPx0PiRDscSS8IiImgh2trI/qQ0=
-172,572,n4R8IMrIyjSSLHD+B8b+un2Ktw0=,CPx0PiRDscSS8IiImgh2trI/qQ0=
-173,572,n4R8IMrIyjSSLHD+B8b+un2Ktw0=,CPx0PiRDscSS8IiImgh2trI/qQ0=
-174,572,n4R8IMrIyjSSLHD+B8b+un2Ktw0=,CPx0PiRDscSS8IiImgh2trI/qQ0=
-175,572,n4R8IMrIyjSSLHD+B8b+un2Ktw0=,CPx0PiRDscSS8IiImgh2trI/qQ0=
-175,561,n4R8IMrIyjSSLHD+B8b+un2Ktw0=,CPx0PiRDscSS8IiImgh2trI/qQ0=
-176,572,n4R8IMrIyjSSLHD+B8b+un2Ktw0=,CPx0PiRDscSS8IiImgh2trI/qQ0=
-176,561,n4R8IMrIyjSSLHD+B8b+un2Ktw0=,CPx0PiRDscSS8IiImgh2trI/qQ0=
-171,572,n4R8IMrIyjSSLHD+B8b+un2Ktw0=,CPx0PiRDscSS8IiImgh2trI/qQ0=
-174,560,n4R8IMrIyjSSLHD+B8b+un2Ktw0=,CPx0PiRDscSS8IiImgh2trI/qQ0=
-176,563,n4R8IMrIyjSSLHD+B8b+un2Ktw0=,CPx0PiRDscSS8IiImgh2trI/qQ0=
-176,560,n4R8IMrIyjSSLHD+B8b+un2Ktw0=,CPx0PiRDscSS8IiImgh2trI/qQ0=
-164,565,n4R8IMrIyjSSLHD+B8b+un2Ktw0=,CPx0PiRDscSS8IiImgh2trI/qQ0=
-161,560,n4R8IMrIyjSSLHD+B8b+un2Ktw0=,CPx0PiRDscSS8IiImgh2trI/qQ0=
-162,560,n4R8IMrIyjSSLHD+B8b+un2Ktw0=,CPx0PiRDscSS8IiImgh2trI/qQ0=
-176,562,n4R8IMrIyjSSLHD+B8b+un2Ktw0=,CPx0PiRDscSS8IiImgh2trI/qQ0=
-163,565,n4R8IMrIyjSSLHD+B8b+un2Ktw0=,CPx0PiRDscSS8IiImgh2trI/qQ0=
-161,562,n4R8IMrIyjSSLHD+B8b+un2Ktw0=,CPx0PiRDscSS8IiImgh2trI/qQ0=
-162,565,n4R8IMrIyjSSLHD+B8b+un2Ktw0=,CPx0PiRDscSS8IiImgh2trI/qQ0=
-161,561,n4R8IMrIyjSSLHD+B8b+un2Ktw0=,CPx0PiRDscSS8IiImgh2trI/qQ0=
-162,561,n4R8IMrIyjSSLHD+B8b+un2Ktw0=,CPx0PiRDscSS8IiImgh2trI/qQ0=
-161,565,n4R8IMrIyjSSLHD+B8b+un2Ktw0=,CPx0PiRDscSS8IiImgh2trI/qQ0=
-161,571,n4R8IMrIyjSSLHD+B8b+un2Ktw0=,CPx0PiRDscSS8IiImgh2trI/qQ0=
-162,571,n4R8IMrIyjSSLHD+B8b+un2Ktw0=,CPx0PiRDscSS8IiImgh2trI/qQ0=
-164,571,n4R8IMrIyjSSLHD+B8b+un2Ktw0=,CPx0PiRDscSS8IiImgh2trI/qQ0=
-165,571,n4R8IMrIyjSSLHD+B8b+un2Ktw0=,CPx0PiRDscSS8IiImgh2trI/qQ0=
-166,571,n4R8IMrIyjSSLHD+B8b+un2Ktw0=,CPx0PiRDscSS8IiImgh2trI/qQ0=
-167,571,n4R8IMrIyjSSLHD+B8b+un2Ktw0=,CPx0PiRDscSS8IiImgh2trI/qQ0=
-163,571,n4R8IMrIyjSSLHD+B8b+un2Ktw0=,CPx0PiRDscSS8IiImgh2trI/qQ0=
-168,561,n4R8IMrIyjSSLHD+B8b+un2Ktw0=,CPx0PiRDscSS8IiImgh2trI/qQ0=
-176,566,n4R8IMrIyjSSLHD+B8b+un2Ktw0=,CPx0PiRDscSS8IiImgh2trI/qQ0=
-167,562,n4R8IMrIyjSSLHD+B8b+un2Ktw0=,CPx0PiRDscSS8IiImgh2trI/qQ0=
-168,571,n4R8IMrIyjSSLHD+B8b+un2Ktw0=,CPx0PiRDscSS8IiImgh2trI/qQ0=
-169,571,n4R8IMrIyjSSLHD+B8b+un2Ktw0=,CPx0PiRDscSS8IiImgh2trI/qQ0=
-168,560,n4R8IMrIyjSSLHD+B8b+un2Ktw0=,CPx0PiRDscSS8IiImgh2trI/qQ0=
-175,566,n4R8IMrIyjSSLHD+B8b+un2Ktw0=,CPx0PiRDscSS8IiImgh2trI/qQ0=
-174,566,n4R8IMrIyjSSLHD+B8b+un2Ktw0=,CPx0PiRDscSS8IiImgh2trI/qQ0=
-173,566,n4R8IMrIyjSSLHD+B8b+un2Ktw0=,CPx0PiRDscSS8IiImgh2trI/qQ0=
-172,566,n4R8IMrIyjSSLHD+B8b+un2Ktw0=,CPx0PiRDscSS8IiImgh2trI/qQ0=
-171,566,n4R8IMrIyjSSLHD+B8b+un2Ktw0=,CPx0PiRDscSS8IiImgh2trI/qQ0=
-170,571,n4R8IMrIyjSSLHD+B8b+un2Ktw0=,CPx0PiRDscSS8IiImgh2trI/qQ0=
-172,571,n4R8IMrIyjSSLHD+B8b+un2Ktw0=,CPx0PiRDscSS8IiImgh2trI/qQ0=
-173,571,n4R8IMrIyjSSLHD+B8b+un2Ktw0=,CPx0PiRDscSS8IiImgh2trI/qQ0=
-174,571,n4R8IMrIyjSSLHD+B8b+un2Ktw0=,CPx0PiRDscSS8IiImgh2trI/qQ0=
-171,571,n4R8IMrIyjSSLHD+B8b+un2Ktw0=,CPx0PiRDscSS8IiImgh2trI/qQ0=
-175,571,n4R8IMrIyjSSLHD+B8b+un2Ktw0=,CPx0PiRDscSS8IiImgh2trI/qQ0=
-170,566,n4R8IMrIyjSSLHD+B8b+un2Ktw0=,CPx0PiRDscSS8IiImgh2trI/qQ0=
-163,560,n4R8IMrIyjSSLHD+B8b+un2Ktw0=,CPx0PiRDscSS8IiImgh2trI/qQ0=
-169,566,n4R8IMrIyjSSLHD+B8b+un2Ktw0=,CPx0PiRDscSS8IiImgh2trI/qQ0=
-176,571,n4R8IMrIyjSSLHD+B8b+un2Ktw0=,CPx0PiRDscSS8IiImgh2trI/qQ0=
-168,566,n4R8IMrIyjSSLHD+B8b+un2Ktw0=,CPx0PiRDscSS8IiImgh2trI/qQ0=
-162,562,n4R8IMrIyjSSLHD+B8b+un2Ktw0=,CPx0PiRDscSS8IiImgh2trI/qQ0=
-163,561,n4R8IMrIyjSSLHD+B8b+un2Ktw0=,CPx0PiRDscSS8IiImgh2trI/qQ0=
-167,566,n4R8IMrIyjSSLHD+B8b+un2Ktw0=,CPx0PiRDscSS8IiImgh2trI/qQ0=
-166,566,n4R8IMrIyjSSLHD+B8b+un2Ktw0=,CPx0PiRDscSS8IiImgh2trI/qQ0=
-161,570,n4R8IMrIyjSSLHD+B8b+un2Ktw0=,CPx0PiRDscSS8IiImgh2trI/qQ0=
-162,570,n4R8IMrIyjSSLHD+B8b+un2Ktw0=,CPx0PiRDscSS8IiImgh2trI/qQ0=
-163,570,n4R8IMrIyjSSLHD+B8b+un2Ktw0=,CPx0PiRDscSS8IiImgh2trI/qQ0=
-165,570,n4R8IMrIyjSSLHD+B8b+un2Ktw0=,CPx0PiRDscSS8IiImgh2trI/qQ0=
-166,570,n4R8IMrIyjSSLHD+B8b+un2Ktw0=,CPx0PiRDscSS8IiImgh2trI/qQ0=
-167,570,n4R8IMrIyjSSLHD+B8b+un2Ktw0=,CPx0PiRDscSS8IiImgh2trI/qQ0=
-165,566,n4R8IMrIyjSSLHD+B8b+un2Ktw0=,CPx0PiRDscSS8IiImgh2trI/qQ0=
-168,570,n4R8IMrIyjSSLHD+B8b+un2Ktw0=,CPx0PiRDscSS8IiImgh2trI/qQ0=
-164,570,n4R8IMrIyjSSLHD+B8b+un2Ktw0=,CPx0PiRDscSS8IiImgh2trI/qQ0=
-164,566,n4R8IMrIyjSSLHD+B8b+un2Ktw0=,CPx0PiRDscSS8IiImgh2trI/qQ0=
-169,570,n4R8IMrIyjSSLHD+B8b+un2Ktw0=,CPx0PiRDscSS8IiImgh2trI/qQ0=
-171,570,n4R8IMrIyjSSLHD+B8b+un2Ktw0=,CPx0PiRDscSS8IiImgh2trI/qQ0=
-170,570,n4R8IMrIyjSSLHD+B8b+un2Ktw0=,CPx0PiRDscSS8IiImgh2trI/qQ0=
-173,570,n4R8IMrIyjSSLHD+B8b+un2Ktw0=,CPx0PiRDscSS8IiImgh2trI/qQ0=
-174,570,n4R8IMrIyjSSLHD+B8b+un2Ktw0=,CPx0PiRDscSS8IiImgh2trI/qQ0=
-175,570,n4R8IMrIyjSSLHD+B8b+un2Ktw0=,CPx0PiRDscSS8IiImgh2trI/qQ0=
-172,570,n4R8IMrIyjSSLHD+B8b+un2Ktw0=,CPx0PiRDscSS8IiImgh2trI/qQ0=
-163,566,n4R8IMrIyjSSLHD+B8b+un2Ktw0=,CPx0PiRDscSS8IiImgh2trI/qQ0=
-164,560,n4R8IMrIyjSSLHD+B8b+un2Ktw0=,CPx0PiRDscSS8IiImgh2trI/qQ0=
-176,570,n4R8IMrIyjSSLHD+B8b+un2Ktw0=,CPx0PiRDscSS8IiImgh2trI/qQ0=
-163,562,n4R8IMrIyjSSLHD+B8b+un2Ktw0=,CPx0PiRDscSS8IiImgh2trI/qQ0=
-162,566,n4R8IMrIyjSSLHD+B8b+un2Ktw0=,CPx0PiRDscSS8IiImgh2trI/qQ0=
-164,561,n4R8IMrIyjSSLHD+B8b+un2Ktw0=,CPx0PiRDscSS8IiImgh2trI/qQ0=
-161,569,n4R8IMrIyjSSLHD+B8b+un2Ktw0=,CPx0PiRDscSS8IiImgh2trI/qQ0=
-161,566,n4R8IMrIyjSSLHD+B8b+un2Ktw0=,CPx0PiRDscSS8IiImgh2trI/qQ0=
-162,569,n4R8IMrIyjSSLHD+B8b+un2Ktw0=,CPx0PiRDscSS8IiImgh2trI/qQ0=
-163,569,n4R8IMrIyjSSLHD+B8b+un2Ktw0=,CPx0PiRDscSS8IiImgh2trI/qQ0=
-165,569,n4R8IMrIyjSSLHD+B8b+un2Ktw0=,CPx0PiRDscSS8IiImgh2trI/qQ0=
-166,569,n4R8IMrIyjSSLHD+B8b+un2Ktw0=,CPx0PiRDscSS8IiImgh2trI/qQ0=
-167,569,n4R8IMrIyjSSLHD+B8b+un2Ktw0=,CPx0PiRDscSS8IiImgh2trI/qQ0=
-168,569,n4R8IMrIyjSSLHD+B8b+un2Ktw0=,CPx0PiRDscSS8IiImgh2trI/qQ0=
-169,569,n4R8IMrIyjSSLHD+B8b+un2Ktw0=,CPx0PiRDscSS8IiImgh2trI/qQ0=
-167,561,n4R8IMrIyjSSLHD+B8b+un2Ktw0=,CPx0PiRDscSS8IiImgh2trI/qQ0=
-176,567,n4R8IMrIyjSSLHD+B8b+un2Ktw0=,CPx0PiRDscSS8IiImgh2trI/qQ0=
-170,569,n4R8IMrIyjSSLHD+B8b+un2Ktw0=,CPx0PiRDscSS8IiImgh2trI/qQ0=
-171,569,n4R8IMrIyjSSLHD+B8b+un2Ktw0=,CPx0PiRDscSS8IiImgh2trI/qQ0=
-172,569,n4R8IMrIyjSSLHD+B8b+un2Ktw0=,CPx0PiRDscSS8IiImgh2trI/qQ0=
-173,569,n4R8IMrIyjSSLHD+B8b+un2Ktw0=,CPx0PiRDscSS8IiImgh2trI/qQ0=
-174,569,n4R8IMrIyjSSLHD+B8b+un2Ktw0=,CPx0PiRDscSS8IiImgh2trI/qQ0=
-175,569,n4R8IMrIyjSSLHD+B8b+un2Ktw0=,CPx0PiRDscSS8IiImgh2trI/qQ0=
-164,569,n4R8IMrIyjSSLHD+B8b+un2Ktw0=,CPx0PiRDscSS8IiImgh2trI/qQ0=
-166,562,n4R8IMrIyjSSLHD+B8b+un2Ktw0=,CPx0PiRDscSS8IiImgh2trI/qQ0=
-164,562,n4R8IMrIyjSSLHD+B8b+un2Ktw0=,CPx0PiRDscSS8IiImgh2trI/qQ0=
-176,569,n4R8IMrIyjSSLHD+B8b+un2Ktw0=,CPx0PiRDscSS8IiImgh2trI/qQ0=
-167,560,n4R8IMrIyjSSLHD+B8b+un2Ktw0=,CPx0PiRDscSS8IiImgh2trI/qQ0=
-175,567,n4R8IMrIyjSSLHD+B8b+un2Ktw0=,CPx0PiRDscSS8IiImgh2trI/qQ0=
-174,567,n4R8IMrIyjSSLHD+B8b+un2Ktw0=,CPx0PiRDscSS8IiImgh2trI/qQ0=
-173,567,n4R8IMrIyjSSLHD+B8b+un2Ktw0=,CPx0PiRDscSS8IiImgh2trI/qQ0=
-172,567,n4R8IMrIyjSSLHD+B8b+un2Ktw0=,CPx0PiRDscSS8IiImgh2trI/qQ0=
-171,567,n4R8IMrIyjSSLHD+B8b+un2Ktw0=,CPx0PiRDscSS8IiImgh2trI/qQ0=
-170,567,n4R8IMrIyjSSLHD+B8b+un2Ktw0=,CPx0PiRDscSS8IiImgh2trI/qQ0=
-165,560,n4R8IMrIyjSSLHD+B8b+un2Ktw0=,CPx0PiRDscSS8IiImgh2trI/qQ0=
-169,567,n4R8IMrIyjSSLHD+B8b+un2Ktw0=,CPx0PiRDscSS8IiImgh2trI/qQ0=
-165,561,n4R8IMrIyjSSLHD+B8b+un2Ktw0=,CPx0PiRDscSS8IiImgh2trI/qQ0=
-168,567,n4R8IMrIyjSSLHD+B8b+un2Ktw0=,CPx0PiRDscSS8IiImgh2trI/qQ0=
-167,567,n4R8IMrIyjSSLHD+B8b+un2Ktw0=,CPx0PiRDscSS8IiImgh2trI/qQ0=
-166,567,n4R8IMrIyjSSLHD+B8b+un2Ktw0=,CPx0PiRDscSS8IiImgh2trI/qQ0=
-165,567,n4R8IMrIyjSSLHD+B8b+un2Ktw0=,CPx0PiRDscSS8IiImgh2trI/qQ0=
-161,568,n4R8IMrIyjSSLHD+B8b+un2Ktw0=,CPx0PiRDscSS8IiImgh2trI/qQ0=
-164,567,n4R8IMrIyjSSLHD+B8b+un2Ktw0=,CPx0PiRDscSS8IiImgh2trI/qQ0=
-162,568,n4R8IMrIyjSSLHD+B8b+un2Ktw0=,CPx0PiRDscSS8IiImgh2trI/qQ0=
-163,568,n4R8IMrIyjSSLHD+B8b+un2Ktw0=,CPx0PiRDscSS8IiImgh2trI/qQ0=
-165,568,n4R8IMrIyjSSLHD+B8b+un2Ktw0=,CPx0PiRDscSS8IiImgh2trI/qQ0=
-166,568,n4R8IMrIyjSSLHD+B8b+un2Ktw0=,CPx0PiRDscSS8IiImgh2trI/qQ0=
-167,568,n4R8IMrIyjSSLHD+B8b+un2Ktw0=,CPx0PiRDscSS8IiImgh2trI/qQ0=
-168,568,n4R8IMrIyjSSLHD+B8b+un2Ktw0=,CPx0PiRDscSS8IiImgh2trI/qQ0=
-163,567,n4R8IMrIyjSSLHD+B8b+un2Ktw0=,CPx0PiRDscSS8IiImgh2trI/qQ0=
-169,568,n4R8IMrIyjSSLHD+B8b+un2Ktw0=,CPx0PiRDscSS8IiImgh2trI/qQ0=
-164,568,n4R8IMrIyjSSLHD+B8b+un2Ktw0=,CPx0PiRDscSS8IiImgh2trI/qQ0=
-170,568,n4R8IMrIyjSSLHD+B8b+un2Ktw0=,CPx0PiRDscSS8IiImgh2trI/qQ0=
-172,568,n4R8IMrIyjSSLHD+B8b+un2Ktw0=,CPx0PiRDscSS8IiImgh2trI/qQ0=
-173,568,n4R8IMrIyjSSLHD+B8b+un2Ktw0=,CPx0PiRDscSS8IiImgh2trI/qQ0=
-174,568,n4R8IMrIyjSSLHD+B8b+un2Ktw0=,CPx0PiRDscSS8IiImgh2trI/qQ0=
-175,568,n4R8IMrIyjSSLHD+B8b+un2Ktw0=,CPx0PiRDscSS8IiImgh2trI/qQ0=
-171,568,n4R8IMrIyjSSLHD+B8b+un2Ktw0=,CPx0PiRDscSS8IiImgh2trI/qQ0=
-176,568,n4R8IMrIyjSSLHD+B8b+un2Ktw0=,CPx0PiRDscSS8IiImgh2trI/qQ0=
-166,560,n4R8IMrIyjSSLHD+B8b+un2Ktw0=,CPx0PiRDscSS8IiImgh2trI/qQ0=
-162,567,n4R8IMrIyjSSLHD+B8b+un2Ktw0=,CPx0PiRDscSS8IiImgh2trI/qQ0=
-166,561,n4R8IMrIyjSSLHD+B8b+un2Ktw0=,CPx0PiRDscSS8IiImgh2trI/qQ0=
-161,567,n4R8IMrIyjSSLHD+B8b+un2Ktw0=,CPx0PiRDscSS8IiImgh2trI/qQ0=
-165,562,n4R8IMrIyjSSLHD+B8b+un2Ktw0=,CPx0PiRDscSS8IiImgh2trI/qQ0=
-171,544,OZcmE4dQF7T7GKcCGKq17/Zjwrg=,ryy+7szCrIBuUu2AANtKOnfIwNo=
-170,547,OZcmE4dQF7T7GKcCGKq17/Zjwrg=,ryy+7szCrIBuUu2AANtKOnfIwNo=
-170,546,OZcmE4dQF7T7GKcCGKq17/Zjwrg=,ryy+7szCrIBuUu2AANtKOnfIwNo=
-171,546,OZcmE4dQF7T7GKcCGKq17/Zjwrg=,ryy+7szCrIBuUu2AANtKOnfIwNo=
-170,545,OZcmE4dQF7T7GKcCGKq17/Zjwrg=,ryy+7szCrIBuUu2AANtKOnfIwNo=
-173,544,OZcmE4dQF7T7GKcCGKq17/Zjwrg=,ryy+7szCrIBuUu2AANtKOnfIwNo=
-171,547,OZcmE4dQF7T7GKcCGKq17/Zjwrg=,ryy+7szCrIBuUu2AANtKOnfIwNo=
-172,547,OZcmE4dQF7T7GKcCGKq17/Zjwrg=,ryy+7szCrIBuUu2AANtKOnfIwNo=
-176,548,OZcmE4dQF7T7GKcCGKq17/Zjwrg=,ryy+7szCrIBuUu2AANtKOnfIwNo=
-173,547,OZcmE4dQF7T7GKcCGKq17/Zjwrg=,ryy+7szCrIBuUu2AANtKOnfIwNo=
-175,548,TaoWDWyAHvlE8dLYlA9Jt30oMtM=,ryy+7szCrIBuUu2AANtKOnfIwNo=
-171,545,TaoWDWyAHvlE8dLYlA9Jt30oMtM=,ryy+7szCrIBuUu2AANtKOnfIwNo=
-174,548,TaoWDWyAHvlE8dLYlA9Jt30oMtM=,ryy+7szCrIBuUu2AANtKOnfIwNo=
-172,545,TaoWDWyAHvlE8dLYlA9Jt30oMtM=,ryy+7szCrIBuUu2AANtKOnfIwNo=
-173,548,TaoWDWyAHvlE8dLYlA9Jt30oMtM=,ryy+7szCrIBuUu2AANtKOnfIwNo=
-175,544,TaoWDWyAHvlE8dLYlA9Jt30oMtM=,ryy+7szCrIBuUu2AANtKOnfIwNo=
-172,548,TaoWDWyAHvlE8dLYlA9Jt30oMtM=,ryy+7szCrIBuUu2AANtKOnfIwNo=
-174,547,AG0CA2HB/x8ZpHwITwISWOenv1Q=,ryy+7szCrIBuUu2AANtKOnfIwNo=
-172,546,AG0CA2HB/x8ZpHwITwISWOenv1Q=,ryy+7szCrIBuUu2AANtKOnfIwNo=
-171,548,AG0CA2HB/x8ZpHwITwISWOenv1Q=,ryy+7szCrIBuUu2AANtKOnfIwNo=
-170,544,AG0CA2HB/x8ZpHwITwISWOenv1Q=,ryy+7szCrIBuUu2AANtKOnfIwNo=
-170,548,AG0CA2HB/x8ZpHwITwISWOenv1Q=,ryy+7szCrIBuUu2AANtKOnfIwNo=
-161,559,AG0CA2HB/x8ZpHwITwISWOenv1Q=,ryy+7szCrIBuUu2AANtKOnfIwNo=
-169,546,AG0CA2HB/x8ZpHwITwISWOenv1Q=,ryy+7szCrIBuUu2AANtKOnfIwNo=
-169,548,AG0CA2HB/x8ZpHwITwISWOenv1Q=,ryy+7szCrIBuUu2AANtKOnfIwNo=
-169,547,CQa+vovNApJULaSF93QByBCGZEQ=,ryy+7szCrIBuUu2AANtKOnfIwNo=
-162,559,CQa+vovNApJULaSF93QByBCGZEQ=,ryy+7szCrIBuUu2AANtKOnfIwNo=
-161,547,CQa+vovNApJULaSF93QByBCGZEQ=,ryy+7szCrIBuUu2AANtKOnfIwNo=
-168,548,CQa+vovNApJULaSF93QByBCGZEQ=,ryy+7szCrIBuUu2AANtKOnfIwNo=
-166,548,CQa+vovNApJULaSF93QByBCGZEQ=,ryy+7szCrIBuUu2AANtKOnfIwNo=
-163,559,CQa+vovNApJULaSF93QByBCGZEQ=,ryy+7szCrIBuUu2AANtKOnfIwNo=
-167,548,CQa+vovNApJULaSF93QByBCGZEQ=,ryy+7szCrIBuUu2AANtKOnfIwNo=
-165,548,CQa+vovNApJULaSF93QByBCGZEQ=,ryy+7szCrIBuUu2AANtKOnfIwNo=
-162,547,CQa+vovNApJULaSF93QByBCGZEQ=,ryy+7szCrIBuUu2AANtKOnfIwNo=
-164,559,CQa+vovNApJULaSF93QByBCGZEQ=,ryy+7szCrIBuUu2AANtKOnfIwNo=
-168,547,CQa+vovNApJULaSF93QByBCGZEQ=,ryy+7szCrIBuUu2AANtKOnfIwNo=
-164,548,CQa+vovNApJULaSF93QByBCGZEQ=,ryy+7szCrIBuUu2AANtKOnfIwNo=
-163,547,CQa+vovNApJULaSF93QByBCGZEQ=,ryy+7szCrIBuUu2AANtKOnfIwNo=
-165,559,CQa+vovNApJULaSF93QByBCGZEQ=,ryy+7szCrIBuUu2AANtKOnfIwNo=
-166,559,CQa+vovNApJULaSF93QByBCGZEQ=,ryy+7szCrIBuUu2AANtKOnfIwNo=
-163,548,CQa+vovNApJULaSF93QByBCGZEQ=,ryy+7szCrIBuUu2AANtKOnfIwNo=
-162,548,CQa+vovNApJULaSF93QByBCGZEQ=,ryy+7szCrIBuUu2AANtKOnfIwNo=
-167,559,CQa+vovNApJULaSF93QByBCGZEQ=,ryy+7szCrIBuUu2AANtKOnfIwNo=
-164,547,CQa+vovNApJULaSF93QByBCGZEQ=,ryy+7szCrIBuUu2AANtKOnfIwNo=
-168,559,CQa+vovNApJULaSF93QByBCGZEQ=,ryy+7szCrIBuUu2AANtKOnfIwNo=
-171,559,CQa+vovNApJULaSF93QByBCGZEQ=,ryy+7szCrIBuUu2AANtKOnfIwNo=
-172,559,CQa+vovNApJULaSF93QByBCGZEQ=,ryy+7szCrIBuUu2AANtKOnfIwNo=
-174,559,CQa+vovNApJULaSF93QByBCGZEQ=,ryy+7szCrIBuUu2AANtKOnfIwNo=
-161,548,CQa+vovNApJULaSF93QByBCGZEQ=,ryy+7szCrIBuUu2AANtKOnfIwNo=
-173,559,CQa+vovNApJULaSF93QByBCGZEQ=,ryy+7szCrIBuUu2AANtKOnfIwNo=
-167,547,CQa+vovNApJULaSF93QByBCGZEQ=,ryy+7szCrIBuUu2AANtKOnfIwNo=
-175,547,CQa+vovNApJULaSF93QByBCGZEQ=,ryy+7szCrIBuUu2AANtKOnfIwNo=
-165,547,CQa+vovNApJULaSF93QByBCGZEQ=,ryy+7szCrIBuUu2AANtKOnfIwNo=
-169,545,CQa+vovNApJULaSF93QByBCGZEQ=,ryy+7szCrIBuUu2AANtKOnfIwNo=
-161,558,CQa+vovNApJULaSF93QByBCGZEQ=,ryy+7szCrIBuUu2AANtKOnfIwNo=
-173,546,CQa+vovNApJULaSF93QByBCGZEQ=,ryy+7szCrIBuUu2AANtKOnfIwNo=
-162,558,CQa+vovNApJULaSF93QByBCGZEQ=,ryy+7szCrIBuUu2AANtKOnfIwNo=
-168,546,CQa+vovNApJULaSF93QByBCGZEQ=,ryy+7szCrIBuUu2AANtKOnfIwNo=
-169,544,CQa+vovNApJULaSF93QByBCGZEQ=,ryy+7szCrIBuUu2AANtKOnfIwNo=
-176,549,CQa+vovNApJULaSF93QByBCGZEQ=,ryy+7szCrIBuUu2AANtKOnfIwNo=
-175,549,CQa+vovNApJULaSF93QByBCGZEQ=,ryy+7szCrIBuUu2AANtKOnfIwNo=
-173,549,CQa+vovNApJULaSF93QByBCGZEQ=,ryy+7szCrIBuUu2AANtKOnfIwNo=
-174,549,CQa+vovNApJULaSF93QByBCGZEQ=,ryy+7szCrIBuUu2AANtKOnfIwNo=
-172,549,CQa+vovNApJULaSF93QByBCGZEQ=,ryy+7szCrIBuUu2AANtKOnfIwNo=
-163,558,CQa+vovNApJULaSF93QByBCGZEQ=,ryy+7szCrIBuUu2AANtKOnfIwNo=
-171,549,CQa+vovNApJULaSF93QByBCGZEQ=,ryy+7szCrIBuUu2AANtKOnfIwNo=
-166,547,CQa+vovNApJULaSF93QByBCGZEQ=,ryy+7szCrIBuUu2AANtKOnfIwNo=
-164,558,CQa+vovNApJULaSF93QByBCGZEQ=,ryy+7szCrIBuUu2AANtKOnfIwNo=
-170,549,CQa+vovNApJULaSF93QByBCGZEQ=,ryy+7szCrIBuUu2AANtKOnfIwNo=
-165,558,CQa+vovNApJULaSF93QByBCGZEQ=,ryy+7szCrIBuUu2AANtKOnfIwNo=
-166,558,CQa+vovNApJULaSF93QByBCGZEQ=,ryy+7szCrIBuUu2AANtKOnfIwNo=
-168,558,CQa+vovNApJULaSF93QByBCGZEQ=,ryy+7szCrIBuUu2AANtKOnfIwNo=
-167,558,CQa+vovNApJULaSF93QByBCGZEQ=,ryy+7szCrIBuUu2AANtKOnfIwNo=
-169,558,CQa+vovNApJULaSF93QByBCGZEQ=,ryy+7szCrIBuUu2AANtKOnfIwNo=
-171,558,CQa+vovNApJULaSF93QByBCGZEQ=,ryy+7szCrIBuUu2AANtKOnfIwNo=
-172,558,CQa+vovNApJULaSF93QByBCGZEQ=,ryy+7szCrIBuUu2AANtKOnfIwNo=
-173,558,CQa+vovNApJULaSF93QByBCGZEQ=,ryy+7szCrIBuUu2AANtKOnfIwNo=
-175,558,CQa+vovNApJULaSF93QByBCGZEQ=,ryy+7szCrIBuUu2AANtKOnfIwNo=
-174,558,CQa+vovNApJULaSF93QByBCGZEQ=,ryy+7szCrIBuUu2AANtKOnfIwNo=
-176,558,CQa+vovNApJULaSF93QByBCGZEQ=,ryy+7szCrIBuUu2AANtKOnfIwNo=
-173,545,CQa+vovNApJULaSF93QByBCGZEQ=,ryy+7szCrIBuUu2AANtKOnfIwNo=
-170,558,CQa+vovNApJULaSF93QByBCGZEQ=,ryy+7szCrIBuUu2AANtKOnfIwNo=
-174,546,CQa+vovNApJULaSF93QByBCGZEQ=,ryy+7szCrIBuUu2AANtKOnfIwNo=
-169,549,CQa+vovNApJULaSF93QByBCGZEQ=,ryy+7szCrIBuUu2AANtKOnfIwNo=
-162,557,CQa+vovNApJULaSF93QByBCGZEQ=,ryy+7szCrIBuUu2AANtKOnfIwNo=
-163,557,CQa+vovNApJULaSF93QByBCGZEQ=,ryy+7szCrIBuUu2AANtKOnfIwNo=
-168,549,CQa+vovNApJULaSF93QByBCGZEQ=,ryy+7szCrIBuUu2AANtKOnfIwNo=
-167,549,CQa+vovNApJULaSF93QByBCGZEQ=,ryy+7szCrIBuUu2AANtKOnfIwNo=
-161,557,CQa+vovNApJULaSF93QByBCGZEQ=,ryy+7szCrIBuUu2AANtKOnfIwNo=
-164,557,CQa+vovNApJULaSF93QByBCGZEQ=,ryy+7szCrIBuUu2AANtKOnfIwNo=
-166,557,CQa+vovNApJULaSF93QByBCGZEQ=,ryy+7szCrIBuUu2AANtKOnfIwNo=
-166,549,CQa+vovNApJULaSF93QByBCGZEQ=,ryy+7szCrIBuUu2AANtKOnfIwNo=
-165,557,CQa+vovNApJULaSF93QByBCGZEQ=,ryy+7szCrIBuUu2AANtKOnfIwNo=
-167,557,CQa+vovNApJULaSF93QByBCGZEQ=,ryy+7szCrIBuUu2AANtKOnfIwNo=
-168,557,CQa+vovNApJULaSF93QByBCGZEQ=,ryy+7szCrIBuUu2AANtKOnfIwNo=
-169,557,CQa+vovNApJULaSF93QByBCGZEQ=,ryy+7szCrIBuUu2AANtKOnfIwNo=
-165,549,CQa+vovNApJULaSF93QByBCGZEQ=,ryy+7szCrIBuUu2AANtKOnfIwNo=
-170,557,CQa+vovNApJULaSF93QByBCGZEQ=,ryy+7szCrIBuUu2AANtKOnfIwNo=
-172,557,CQa+vovNApJULaSF93QByBCGZEQ=,ryy+7szCrIBuUu2AANtKOnfIwNo=
-173,557,CQa+vovNApJULaSF93QByBCGZEQ=,ryy+7szCrIBuUu2AANtKOnfIwNo=
-174,557,CQa+vovNApJULaSF93QByBCGZEQ=,ryy+7szCrIBuUu2AANtKOnfIwNo=
-175,557,CQa+vovNApJULaSF93QByBCGZEQ=,ryy+7szCrIBuUu2AANtKOnfIwNo=
-176,557,CQa+vovNApJULaSF93QByBCGZEQ=,ryy+7szCrIBuUu2AANtKOnfIwNo=
-174,545,CQa+vovNApJULaSF93QByBCGZEQ=,ryy+7szCrIBuUu2AANtKOnfIwNo=
-171,557,CQa+vovNApJULaSF93QByBCGZEQ=,ryy+7szCrIBuUu2AANtKOnfIwNo=
-175,546,CQa+vovNApJULaSF93QByBCGZEQ=,ryy+7szCrIBuUu2AANtKOnfIwNo=
-162,556,CQa+vovNApJULaSF93QByBCGZEQ=,ryy+7szCrIBuUu2AANtKOnfIwNo=
-164,549,CQa+vovNApJULaSF93QByBCGZEQ=,ryy+7szCrIBuUu2AANtKOnfIwNo=
-163,556,CQa+vovNApJULaSF93QByBCGZEQ=,ryy+7szCrIBuUu2AANtKOnfIwNo=
-164,556,CQa+vovNApJULaSF93QByBCGZEQ=,ryy+7szCrIBuUu2AANtKOnfIwNo=
-161,556,CQa+vovNApJULaSF93QByBCGZEQ=,ryy+7szCrIBuUu2AANtKOnfIwNo=
-166,556,CQa+vovNApJULaSF93QByBCGZEQ=,ryy+7szCrIBuUu2AANtKOnfIwNo=
-167,556,CQa+vovNApJULaSF93QByBCGZEQ=,ryy+7szCrIBuUu2AANtKOnfIwNo=
-165,556,CQa+vovNApJULaSF93QByBCGZEQ=,ryy+7szCrIBuUu2AANtKOnfIwNo=
-168,556,CQa+vovNApJULaSF93QByBCGZEQ=,ryy+7szCrIBuUu2AANtKOnfIwNo=
-170,556,CQa+vovNApJULaSF93QByBCGZEQ=,ryy+7szCrIBuUu2AANtKOnfIwNo=
-171,556,CQa+vovNApJULaSF93QByBCGZEQ=,ryy+7szCrIBuUu2AANtKOnfIwNo=
-172,556,CQa+vovNApJULaSF93QByBCGZEQ=,ryy+7szCrIBuUu2AANtKOnfIwNo=
-173,556,CQa+vovNApJULaSF93QByBCGZEQ=,ryy+7szCrIBuUu2AANtKOnfIwNo=
-174,556,CQa+vovNApJULaSF93QByBCGZEQ=,ryy+7szCrIBuUu2AANtKOnfIwNo=
-175,545,CQa+vovNApJULaSF93QByBCGZEQ=,ryy+7szCrIBuUu2AANtKOnfIwNo=
-175,556,CQa+vovNApJULaSF93QByBCGZEQ=,ryy+7szCrIBuUu2AANtKOnfIwNo=
-176,556,CQa+vovNApJULaSF93QByBCGZEQ=,ryy+7szCrIBuUu2AANtKOnfIwNo=
-176,545,CQa+vovNApJULaSF93QByBCGZEQ=,ryy+7szCrIBuUu2AANtKOnfIwNo=
-176,547,CQa+vovNApJULaSF93QByBCGZEQ=,ryy+7szCrIBuUu2AANtKOnfIwNo=
-169,556,CQa+vovNApJULaSF93QByBCGZEQ=,ryy+7szCrIBuUu2AANtKOnfIwNo=
-174,544,CQa+vovNApJULaSF93QByBCGZEQ=,ryy+7szCrIBuUu2AANtKOnfIwNo=
-176,544,CQa+vovNApJULaSF93QByBCGZEQ=,ryy+7szCrIBuUu2AANtKOnfIwNo=
-163,549,CQa+vovNApJULaSF93QByBCGZEQ=,ryy+7szCrIBuUu2AANtKOnfIwNo=
-176,546,CQa+vovNApJULaSF93QByBCGZEQ=,ryy+7szCrIBuUu2AANtKOnfIwNo=
-161,544,CQa+vovNApJULaSF93QByBCGZEQ=,ryy+7szCrIBuUu2AANtKOnfIwNo=
-162,544,CQa+vovNApJULaSF93QByBCGZEQ=,ryy+7szCrIBuUu2AANtKOnfIwNo=
-161,546,CQa+vovNApJULaSF93QByBCGZEQ=,ryy+7szCrIBuUu2AANtKOnfIwNo=
-162,549,CQa+vovNApJULaSF93QByBCGZEQ=,ryy+7szCrIBuUu2AANtKOnfIwNo=
-162,545,CQa+vovNApJULaSF93QByBCGZEQ=,ryy+7szCrIBuUu2AANtKOnfIwNo=
-161,545,CQa+vovNApJULaSF93QByBCGZEQ=,ryy+7szCrIBuUu2AANtKOnfIwNo=
-162,555,CQa+vovNApJULaSF93QByBCGZEQ=,ryy+7szCrIBuUu2AANtKOnfIwNo=
-163,555,CQa+vovNApJULaSF93QByBCGZEQ=,ryy+7szCrIBuUu2AANtKOnfIwNo=
-161,549,CQa+vovNApJULaSF93QByBCGZEQ=,ryy+7szCrIBuUu2AANtKOnfIwNo=
-161,555,CQa+vovNApJULaSF93QByBCGZEQ=,ryy+7szCrIBuUu2AANtKOnfIwNo=
-165,555,CQa+vovNApJULaSF93QByBCGZEQ=,ryy+7szCrIBuUu2AANtKOnfIwNo=
-166,555,CQa+vovNApJULaSF93QByBCGZEQ=,ryy+7szCrIBuUu2AANtKOnfIwNo=
-167,555,CQa+vovNApJULaSF93QByBCGZEQ=,ryy+7szCrIBuUu2AANtKOnfIwNo=
-164,555,CQa+vovNApJULaSF93QByBCGZEQ=,ryy+7szCrIBuUu2AANtKOnfIwNo=
-168,555,CQa+vovNApJULaSF93QByBCGZEQ=,ryy+7szCrIBuUu2AANtKOnfIwNo=
-169,555,CQa+vovNApJULaSF93QByBCGZEQ=,ryy+7szCrIBuUu2AANtKOnfIwNo=
-170,555,CQa+vovNApJULaSF93QByBCGZEQ=,ryy+7szCrIBuUu2AANtKOnfIwNo=
-172,555,CQa+vovNApJULaSF93QByBCGZEQ=,ryy+7szCrIBuUu2AANtKOnfIwNo=
-173,555,CQa+vovNApJULaSF93QByBCGZEQ=,ryy+7szCrIBuUu2AANtKOnfIwNo=
-174,555,CQa+vovNApJULaSF93QByBCGZEQ=,ryy+7szCrIBuUu2AANtKOnfIwNo=
-175,555,CQa+vovNApJULaSF93QByBCGZEQ=,ryy+7szCrIBuUu2AANtKOnfIwNo=
-171,555,CQa+vovNApJULaSF93QByBCGZEQ=,ryy+7szCrIBuUu2AANtKOnfIwNo=
-176,555,CQa+vovNApJULaSF93QByBCGZEQ=,ryy+7szCrIBuUu2AANtKOnfIwNo=
-168,545,CQa+vovNApJULaSF93QByBCGZEQ=,ryy+7szCrIBuUu2AANtKOnfIwNo=
-167,546,CQa+vovNApJULaSF93QByBCGZEQ=,ryy+7szCrIBuUu2AANtKOnfIwNo=
-162,546,CQa+vovNApJULaSF93QByBCGZEQ=,ryy+7szCrIBuUu2AANtKOnfIwNo=
-163,544,CQa+vovNApJULaSF93QByBCGZEQ=,ryy+7szCrIBuUu2AANtKOnfIwNo=
-168,544,CQa+vovNApJULaSF93QByBCGZEQ=,ryy+7szCrIBuUu2AANtKOnfIwNo=
-176,550,CQa+vovNApJULaSF93QByBCGZEQ=,ryy+7szCrIBuUu2AANtKOnfIwNo=
-175,550,CQa+vovNApJULaSF93QByBCGZEQ=,ryy+7szCrIBuUu2AANtKOnfIwNo=
-174,550,CQa+vovNApJULaSF93QByBCGZEQ=,ryy+7szCrIBuUu2AANtKOnfIwNo=
-173,550,CQa+vovNApJULaSF93QByBCGZEQ=,ryy+7szCrIBuUu2AANtKOnfIwNo=
-172,550,CQa+vovNApJULaSF93QByBCGZEQ=,ryy+7szCrIBuUu2AANtKOnfIwNo=
-163,545,CQa+vovNApJULaSF93QByBCGZEQ=,ryy+7szCrIBuUu2AANtKOnfIwNo=
-161,554,CQa+vovNApJULaSF93QByBCGZEQ=,ryy+7szCrIBuUu2AANtKOnfIwNo=
-171,550,CQa+vovNApJULaSF93QByBCGZEQ=,ryy+7szCrIBuUu2AANtKOnfIwNo=
-162,554,CQa+vovNApJULaSF93QByBCGZEQ=,ryy+7szCrIBuUu2AANtKOnfIwNo=
-163,554,CQa+vovNApJULaSF93QByBCGZEQ=,ryy+7szCrIBuUu2AANtKOnfIwNo=
-164,554,CQa+vovNApJULaSF93QByBCGZEQ=,ryy+7szCrIBuUu2AANtKOnfIwNo=
-166,554,CQa+vovNApJULaSF93QByBCGZEQ=,ryy+7szCrIBuUu2AANtKOnfIwNo=
-165,554,CQa+vovNApJULaSF93QByBCGZEQ=,ryy+7szCrIBuUu2AANtKOnfIwNo=
-167,554,CQa+vovNApJULaSF93QByBCGZEQ=,ryy+7szCrIBuUu2AANtKOnfIwNo=
-170,550,CQa+vovNApJULaSF93QByBCGZEQ=,ryy+7szCrIBuUu2AANtKOnfIwNo=
-168,554,CQa+vovNApJULaSF93QByBCGZEQ=,ryy+7szCrIBuUu2AANtKOnfIwNo=
-170,554,CQa+vovNApJULaSF93QByBCGZEQ=,ryy+7szCrIBuUu2AANtKOnfIwNo=
-169,554,CQa+vovNApJULaSF93QByBCGZEQ=,ryy+7szCrIBuUu2AANtKOnfIwNo=
-173,554,CQa+vovNApJULaSF93QByBCGZEQ=,ryy+7szCrIBuUu2AANtKOnfIwNo=
-172,554,CQa+vovNApJULaSF93QByBCGZEQ=,ryy+7szCrIBuUu2AANtKOnfIwNo=
-174,554,CQa+vovNApJULaSF93QByBCGZEQ=,ryy+7szCrIBuUu2AANtKOnfIwNo=
-175,554,CQa+vovNApJULaSF93QByBCGZEQ=,ryy+7szCrIBuUu2AANtKOnfIwNo=
-176,554,CQa+vovNApJULaSF93QByBCGZEQ=,ryy+7szCrIBuUu2AANtKOnfIwNo=
-169,550,CQa+vovNApJULaSF93QByBCGZEQ=,ryy+7szCrIBuUu2AANtKOnfIwNo=
-171,554,CQa+vovNApJULaSF93QByBCGZEQ=,ryy+7szCrIBuUu2AANtKOnfIwNo=
-168,550,CQa+vovNApJULaSF93QByBCGZEQ=,ryy+7szCrIBuUu2AANtKOnfIwNo=
-163,546,CQa+vovNApJULaSF93QByBCGZEQ=,ryy+7szCrIBuUu2AANtKOnfIwNo=
-164,544,CQa+vovNApJULaSF93QByBCGZEQ=,ryy+7szCrIBuUu2AANtKOnfIwNo=
-164,545,CQa+vovNApJULaSF93QByBCGZEQ=,ryy+7szCrIBuUu2AANtKOnfIwNo=
-167,550,CQa+vovNApJULaSF93QByBCGZEQ=,ryy+7szCrIBuUu2AANtKOnfIwNo=
-166,550,CQa+vovNApJULaSF93QByBCGZEQ=,ryy+7szCrIBuUu2AANtKOnfIwNo=
-161,553,CQa+vovNApJULaSF93QByBCGZEQ=,ryy+7szCrIBuUu2AANtKOnfIwNo=
-165,550,CQa+vovNApJULaSF93QByBCGZEQ=,ryy+7szCrIBuUu2AANtKOnfIwNo=
-162,553,CQa+vovNApJULaSF93QByBCGZEQ=,ryy+7szCrIBuUu2AANtKOnfIwNo=
-163,553,CQa+vovNApJULaSF93QByBCGZEQ=,ryy+7szCrIBuUu2AANtKOnfIwNo=
-165,553,CQa+vovNApJULaSF93QByBCGZEQ=,ryy+7szCrIBuUu2AANtKOnfIwNo=
-166,553,CQa+vovNApJULaSF93QByBCGZEQ=,ryy+7szCrIBuUu2AANtKOnfIwNo=
-164,553,CQa+vovNApJULaSF93QByBCGZEQ=,ryy+7szCrIBuUu2AANtKOnfIwNo=
-167,553,CQa+vovNApJULaSF93QByBCGZEQ=,ryy+7szCrIBuUu2AANtKOnfIwNo=
-164,550,CQa+vovNApJULaSF93QByBCGZEQ=,ryy+7szCrIBuUu2AANtKOnfIwNo=
-168,553,CQa+vovNApJULaSF93QByBCGZEQ=,ryy+7szCrIBuUu2AANtKOnfIwNo=
-163,550,CQa+vovNApJULaSF93QByBCGZEQ=,ryy+7szCrIBuUu2AANtKOnfIwNo=
-169,553,CQa+vovNApJULaSF93QByBCGZEQ=,ryy+7szCrIBuUu2AANtKOnfIwNo=
-171,553,CQa+vovNApJULaSF93QByBCGZEQ=,ryy+7szCrIBuUu2AANtKOnfIwNo=
-172,553,CQa+vovNApJULaSF93QByBCGZEQ=,ryy+7szCrIBuUu2AANtKOnfIwNo=
-173,553,CQa+vovNApJULaSF93QByBCGZEQ=,ryy+7szCrIBuUu2AANtKOnfIwNo=
-175,553,CQa+vovNApJULaSF93QByBCGZEQ=,ryy+7szCrIBuUu2AANtKOnfIwNo=
-174,553,CQa+vovNApJULaSF93QByBCGZEQ=,ryy+7szCrIBuUu2AANtKOnfIwNo=
-170,553,CQa+vovNApJULaSF93QByBCGZEQ=,ryy+7szCrIBuUu2AANtKOnfIwNo=
-176,553,CQa+vovNApJULaSF93QByBCGZEQ=,ryy+7szCrIBuUu2AANtKOnfIwNo=
-165,544,CQa+vovNApJULaSF93QByBCGZEQ=,ryy+7szCrIBuUu2AANtKOnfIwNo=
-162,550,CQa+vovNApJULaSF93QByBCGZEQ=,ryy+7szCrIBuUu2AANtKOnfIwNo=
-164,546,CQa+vovNApJULaSF93QByBCGZEQ=,ryy+7szCrIBuUu2AANtKOnfIwNo=
-165,545,CQa+vovNApJULaSF93QByBCGZEQ=,ryy+7szCrIBuUu2AANtKOnfIwNo=
-161,552,CQa+vovNApJULaSF93QByBCGZEQ=,ryy+7szCrIBuUu2AANtKOnfIwNo=
-161,550,CQa+vovNApJULaSF93QByBCGZEQ=,ryy+7szCrIBuUu2AANtKOnfIwNo=
-162,552,CQa+vovNApJULaSF93QByBCGZEQ=,ryy+7szCrIBuUu2AANtKOnfIwNo=
-163,552,CQa+vovNApJULaSF93QByBCGZEQ=,ryy+7szCrIBuUu2AANtKOnfIwNo=
-164,552,CQa+vovNApJULaSF93QByBCGZEQ=,ryy+7szCrIBuUu2AANtKOnfIwNo=
-167,545,CQa+vovNApJULaSF93QByBCGZEQ=,ryy+7szCrIBuUu2AANtKOnfIwNo=
-166,552,CQa+vovNApJULaSF93QByBCGZEQ=,ryy+7szCrIBuUu2AANtKOnfIwNo=
-165,552,CQa+vovNApJULaSF93QByBCGZEQ=,ryy+7szCrIBuUu2AANtKOnfIwNo=
-167,552,CQa+vovNApJULaSF93QByBCGZEQ=,ryy+7szCrIBuUu2AANtKOnfIwNo=
-166,546,CQa+vovNApJULaSF93QByBCGZEQ=,ryy+7szCrIBuUu2AANtKOnfIwNo=
-168,552,CQa+vovNApJULaSF93QByBCGZEQ=,ryy+7szCrIBuUu2AANtKOnfIwNo=
-169,552,CQa+vovNApJULaSF93QByBCGZEQ=,ryy+7szCrIBuUu2AANtKOnfIwNo=
-171,552,CQa+vovNApJULaSF93QByBCGZEQ=,ryy+7szCrIBuUu2AANtKOnfIwNo=
-172,552,CQa+vovNApJULaSF93QByBCGZEQ=,ryy+7szCrIBuUu2AANtKOnfIwNo=
-173,552,CQa+vovNApJULaSF93QByBCGZEQ=,ryy+7szCrIBuUu2AANtKOnfIwNo=
-174,552,CQa+vovNApJULaSF93QByBCGZEQ=,ryy+7szCrIBuUu2AANtKOnfIwNo=
-175,552,CQa+vovNApJULaSF93QByBCGZEQ=,ryy+7szCrIBuUu2AANtKOnfIwNo=
-176,552,CQa+vovNApJULaSF93QByBCGZEQ=,ryy+7szCrIBuUu2AANtKOnfIwNo=
-170,552,CQa+vovNApJULaSF93QByBCGZEQ=,ryy+7szCrIBuUu2AANtKOnfIwNo=
-167,544,CQa+vovNApJULaSF93QByBCGZEQ=,ryy+7szCrIBuUu2AANtKOnfIwNo=
-176,551,CQa+vovNApJULaSF93QByBCGZEQ=,ryy+7szCrIBuUu2AANtKOnfIwNo=
-175,551,CQa+vovNApJULaSF93QByBCGZEQ=,ryy+7szCrIBuUu2AANtKOnfIwNo=
-174,551,CQa+vovNApJULaSF93QByBCGZEQ=,ryy+7szCrIBuUu2AANtKOnfIwNo=
-173,551,CQa+vovNApJULaSF93QByBCGZEQ=,ryy+7szCrIBuUu2AANtKOnfIwNo=
-172,551,CQa+vovNApJULaSF93QByBCGZEQ=,ryy+7szCrIBuUu2AANtKOnfIwNo=
-166,544,CQa+vovNApJULaSF93QByBCGZEQ=,ryy+7szCrIBuUu2AANtKOnfIwNo=
-171,551,CQa+vovNApJULaSF93QByBCGZEQ=,ryy+7szCrIBuUu2AANtKOnfIwNo=
-166,545,CQa+vovNApJULaSF93QByBCGZEQ=,ryy+7szCrIBuUu2AANtKOnfIwNo=
-165,546,CQa+vovNApJULaSF93QByBCGZEQ=,ryy+7szCrIBuUu2AANtKOnfIwNo=
-162,551,CQa+vovNApJULaSF93QByBCGZEQ=,ryy+7szCrIBuUu2AANtKOnfIwNo=
-170,551,CQa+vovNApJULaSF93QByBCGZEQ=,ryy+7szCrIBuUu2AANtKOnfIwNo=
-161,551,CQa+vovNApJULaSF93QByBCGZEQ=,ryy+7szCrIBuUu2AANtKOnfIwNo=
-169,551,CQa+vovNApJULaSF93QByBCGZEQ=,ryy+7szCrIBuUu2AANtKOnfIwNo=
-163,551,CQa+vovNApJULaSF93QByBCGZEQ=,ryy+7szCrIBuUu2AANtKOnfIwNo=
-164,551,CQa+vovNApJULaSF93QByBCGZEQ=,ryy+7szCrIBuUu2AANtKOnfIwNo=
-168,551,CQa+vovNApJULaSF93QByBCGZEQ=,ryy+7szCrIBuUu2AANtKOnfIwNo=
-167,551,CQa+vovNApJULaSF93QByBCGZEQ=,ryy+7szCrIBuUu2AANtKOnfIwNo=
-165,551,CQa+vovNApJULaSF93QByBCGZEQ=,ryy+7szCrIBuUu2AANtKOnfIwNo=
-166,551,CQa+vovNApJULaSF93QByBCGZEQ=,ryy+7szCrIBuUu2AANtKOnfIwNo=
-170,559,CQa+vovNApJULaSF93QByBCGZEQ=,ryy+7szCrIBuUu2AANtKOnfIwNo=
-175,559,CQa+vovNApJULaSF93QByBCGZEQ=,ryy+7szCrIBuUu2AANtKOnfIwNo=
-176,559,CQa+vovNApJULaSF93QByBCGZEQ=,ryy+7szCrIBuUu2AANtKOnfIwNo=
-172,544,CQa+vovNApJULaSF93QByBCGZEQ=,ryy+7szCrIBuUu2AANtKOnfIwNo=
-169,559,CQa+vovNApJULaSF93QByBCGZEQ=,ryy+7szCrIBuUu2AANtKOnfIwNo=
