86,-61,5INFv8U0LaWIQTbTwUanNzpUHyQ=,W7W6BxmYYcxv85HSqWkJdgoYYd8=
86,-62,5INFv8U0LaWIQTbTwUanNzpUHyQ=,W7W6BxmYYcxv85HSqWkJdgoYYd8=
87,-61,5INFv8U0LaWIQTbTwUanNzpUHyQ=,W7W6BxmYYcxv85HSqWkJdgoYYd8=
88,-61,5INFv8U0LaWIQTbTwUanNzpUHyQ=,W7W6BxmYYcxv85HSqWkJdgoYYd8=
89,-61,5INFv8U0LaWIQTbTwUanNzpUHyQ=,W7W6BxmYYcxv85HSqWkJdgoYYd8=
90,-61,5INFv8U0LaWIQTbTwUanNzpUHyQ=,W7W6BxmYYcxv85HSqWkJdgoYYd8=
91,-61,5INFv8U0LaWIQTbTwUanNzpUHyQ=,W7W6BxmYYcxv85HSqWkJdgoYYd8=
92,-61,5INFv8U0LaWIQTbTwUanNzpUHyQ=,W7W6BxmYYcxv85HSqWkJdgoYYd8=
93,-61,5INFv8U0LaWIQTbTwUanNzpUHyQ=,W7W6BxmYYcxv85HSqWkJdgoYYd8=
94,-61,5INFv8U0LaWIQTbTwUanNzpUHyQ=,W7W6BxmYYcxv85HSqWkJdgoYYd8=
95,-61,5INFv8U0LaWIQTbTwUanNzpUHyQ=,W7W6BxmYYcxv85HSqWkJdgoYYd8=
86,-63,5INFv8U0LaWIQTbTwUanNzpUHyQ=,W7W6BxmYYcxv85HSqWkJdgoYYd8=
87,-62,J9fJQZ1xoq3Z0yA5UaDw4gOymsM=,W7W6BxmYYcxv85HSqWkJdgoYYd8=
82,-60,J9fJQZ1xoq3Z0yA5UaDw4gOymsM=,W7W6BxmYYcxv85HSqWkJdgoYYd8=
83,-60,J9fJQZ1xoq3Z0yA5UaDw4gOymsM=,W7W6BxmYYcxv85HSqWkJdgoYYd8=
84,-60,J9fJQZ1xoq3Z0yA5UaDw4gOymsM=,W7W6BxmYYcxv85HSqWkJdgoYYd8=
85,-60,J9fJQZ1xoq3Z0yA5UaDw4gOymsM=,W7W6BxmYYcxv85HSqWkJdgoYYd8=
86,-60,J9fJQZ1xoq3Z0yA5UaDw4gOymsM=,W7W6BxmYYcxv85HSqWkJdgoYYd8=
87,-60,J9fJQZ1xoq3Z0yA5UaDw4gOymsM=,W7W6BxmYYcxv85HSqWkJdgoYYd8=
89,-60,J9fJQZ1xoq3Z0yA5UaDw4gOymsM=,W7W6BxmYYcxv85HSqWkJdgoYYd8=
91,-60,J9fJQZ1xoq3Z0yA5UaDw4gOymsM=,W7W6BxmYYcxv85HSqWkJdgoYYd8=
90,-60,J9fJQZ1xoq3Z0yA5UaDw4gOymsM=,W7W6BxmYYcxv85HSqWkJdgoYYd8=
88,-60,J9fJQZ1xoq3Z0yA5UaDw4gOymsM=,W7W6BxmYYcxv85HSqWkJdgoYYd8=
92,-60,J9fJQZ1xoq3Z0yA5UaDw4gOymsM=,W7W6BxmYYcxv85HSqWkJdgoYYd8=
93,-60,J9fJQZ1xoq3Z0yA5UaDw4gOymsM=,W7W6BxmYYcxv85HSqWkJdgoYYd8=
94,-60,J9fJQZ1xoq3Z0yA5UaDw4gOymsM=,W7W6BxmYYcxv85HSqWkJdgoYYd8=
95,-60,J9fJQZ1xoq3Z0yA5UaDw4gOymsM=,W7W6BxmYYcxv85HSqWkJdgoYYd8=
88,-62,J9fJQZ1xoq3Z0yA5UaDw4gOymsM=,W7W6BxmYYcxv85HSqWkJdgoYYd8=
81,-59,J9fJQZ1xoq3Z0yA5UaDw4gOymsM=,W7W6BxmYYcxv85HSqWkJdgoYYd8=
82,-59,J9fJQZ1xoq3Z0yA5UaDw4gOymsM=,W7W6BxmYYcxv85HSqWkJdgoYYd8=
83,-59,J9fJQZ1xoq3Z0yA5UaDw4gOymsM=,W7W6BxmYYcxv85HSqWkJdgoYYd8=
85,-59,J9fJQZ1xoq3Z0yA5UaDw4gOymsM=,W7W6BxmYYcxv85HSqWkJdgoYYd8=
84,-59,J9fJQZ1xoq3Z0yA5UaDw4gOymsM=,W7W6BxmYYcxv85HSqWkJdgoYYd8=
86,-59,J9fJQZ1xoq3Z0yA5UaDw4gOymsM=,W7W6BxmYYcxv85HSqWkJdgoYYd8=
87,-59,J9fJQZ1xoq3Z0yA5UaDw4gOymsM=,W7W6BxmYYcxv85HSqWkJdgoYYd8=
88,-59,J9fJQZ1xoq3Z0yA5UaDw4gOymsM=,W7W6BxmYYcxv85HSqWkJdgoYYd8=
89,-59,J9fJQZ1xoq3Z0yA5UaDw4gOymsM=,W7W6BxmYYcxv85HSqWkJdgoYYd8=
90,-59,J9fJQZ1xoq3Z0yA5UaDw4gOymsM=,W7W6BxmYYcxv85HSqWkJdgoYYd8=
91,-59,J9fJQZ1xoq3Z0yA5UaDw4gOymsM=,W7W6BxmYYcxv85HSqWkJdgoYYd8=
93,-59,J9fJQZ1xoq3Z0yA5UaDw4gOymsM=,W7W6BxmYYcxv85HSqWkJdgoYYd8=
94,-59,J9fJQZ1xoq3Z0yA5UaDw4gOymsM=,W7W6BxmYYcxv85HSqWkJdgoYYd8=
92,-59,J9fJQZ1xoq3Z0yA5UaDw4gOymsM=,W7W6BxmYYcxv85HSqWkJdgoYYd8=
95,-59,J9fJQZ1xoq3Z0yA5UaDw4gOymsM=,W7W6BxmYYcxv85HSqWkJdgoYYd8=
89,-62,J9fJQZ1xoq3Z0yA5UaDw4gOymsM=,W7W6BxmYYcxv85HSqWkJdgoYYd8=
80,-58,J9fJQZ1xoq3Z0yA5UaDw4gOymsM=,W7W6BxmYYcxv85HSqWkJdgoYYd8=
81,-58,J9fJQZ1xoq3Z0yA5UaDw4gOymsM=,W7W6BxmYYcxv85HSqWkJdgoYYd8=
82,-58,J9fJQZ1xoq3Z0yA5UaDw4gOymsM=,W7W6BxmYYcxv85HSqWkJdgoYYd8=
83,-58,J9fJQZ1xoq3Z0yA5UaDw4gOymsM=,W7W6BxmYYcxv85HSqWkJdgoYYd8=
84,-58,J9fJQZ1xoq3Z0yA5UaDw4gOymsM=,W7W6BxmYYcxv85HSqWkJdgoYYd8=
85,-58,J9fJQZ1xoq3Z0yA5UaDw4gOymsM=,W7W6BxmYYcxv85HSqWkJdgoYYd8=
87,-58,J9fJQZ1xoq3Z0yA5UaDw4gOymsM=,W7W6BxmYYcxv85HSqWkJdgoYYd8=
86,-58,J9fJQZ1xoq3Z0yA5UaDw4gOymsM=,W7W6BxmYYcxv85HSqWkJdgoYYd8=
88,-58,J9fJQZ1xoq3Z0yA5UaDw4gOymsM=,W7W6BxmYYcxv85HSqWkJdgoYYd8=
89,-58,J9fJQZ1xoq3Z0yA5UaDw4gOymsM=,W7W6BxmYYcxv85HSqWkJdgoYYd8=
90,-58,J9fJQZ1xoq3Z0yA5UaDw4gOymsM=,W7W6BxmYYcxv85HSqWkJdgoYYd8=
91,-58,J9fJQZ1xoq3Z0yA5UaDw4gOymsM=,W7W6BxmYYcxv85HSqWkJdgoYYd8=
93,-58,J9fJQZ1xoq3Z0yA5UaDw4gOymsM=,W7W6BxmYYcxv85HSqWkJdgoYYd8=
92,-58,J9fJQZ1xoq3Z0yA5UaDw4gOymsM=,W7W6BxmYYcxv85HSqWkJdgoYYd8=
94,-58,J9fJQZ1xoq3Z0yA5UaDw4gOymsM=,W7W6BxmYYcxv85HSqWkJdgoYYd8=
95,-58,J9fJQZ1xoq3Z0yA5UaDw4gOymsM=,W7W6BxmYYcxv85HSqWkJdgoYYd8=
80,-57,J9fJQZ1xoq3Z0yA5UaDw4gOymsM=,W7W6BxmYYcxv85HSqWkJdgoYYd8=
90,-62,J9fJQZ1xoq3Z0yA5UaDw4gOymsM=,W7W6BxmYYcxv85HSqWkJdgoYYd8=
81,-57,J9fJQZ1xoq3Z0yA5UaDw4gOymsM=,W7W6BxmYYcxv85HSqWkJdgoYYd8=
82,-57,J9fJQZ1xoq3Z0yA5UaDw4gOymsM=,W7W6BxmYYcxv85HSqWkJdgoYYd8=
84,-57,J9fJQZ1xoq3Z0yA5UaDw4gOymsM=,W7W6BxmYYcxv85HSqWkJdgoYYd8=
83,-57,J9fJQZ1xoq3Z0yA5UaDw4gOymsM=,W7W6BxmYYcxv85HSqWkJdgoYYd8=
85,-57,J9fJQZ1xoq3Z0yA5UaDw4gOymsM=,W7W6BxmYYcxv85HSqWkJdgoYYd8=
86,-57,J9fJQZ1xoq3Z0yA5UaDw4gOymsM=,W7W6BxmYYcxv85HSqWkJdgoYYd8=
87,-57,J9fJQZ1xoq3Z0yA5UaDw4gOymsM=,W7W6BxmYYcxv85HSqWkJdgoYYd8=
88,-57,J9fJQZ1xoq3Z0yA5UaDw4gOymsM=,W7W6BxmYYcxv85HSqWkJdgoYYd8=
90,-57,J9fJQZ1xoq3Z0yA5UaDw4gOymsM=,W7W6BxmYYcxv85HSqWkJdgoYYd8=
89,-57,J9fJQZ1xoq3Z0yA5UaDw4gOymsM=,W7W6BxmYYcxv85HSqWkJdgoYYd8=
91,-57,J9fJQZ1xoq3Z0yA5UaDw4gOymsM=,W7W6BxmYYcxv85HSqWkJdgoYYd8=
92,-57,J9fJQZ1xoq3Z0yA5UaDw4gOymsM=,W7W6BxmYYcxv85HSqWkJdgoYYd8=
93,-57,J9fJQZ1xoq3Z0yA5UaDw4gOymsM=,W7W6BxmYYcxv85HSqWkJdgoYYd8=
94,-57,J9fJQZ1xoq3Z0yA5UaDw4gOymsM=,W7W6BxmYYcxv85HSqWkJdgoYYd8=
90,-63,J9fJQZ1xoq3Z0yA5UaDw4gOymsM=,W7W6BxmYYcxv85HSqWkJdgoYYd8=
95,-57,J9fJQZ1xoq3Z0yA5UaDw4gOymsM=,W7W6BxmYYcxv85HSqWkJdgoYYd8=
80,-56,J9fJQZ1xoq3Z0yA5UaDw4gOymsM=,W7W6BxmYYcxv85HSqWkJdgoYYd8=
91,-62,J9fJQZ1xoq3Z0yA5UaDw4gOymsM=,W7W6BxmYYcxv85HSqWkJdgoYYd8=
81,-56,J9fJQZ1xoq3Z0yA5UaDw4gOymsM=,W7W6BxmYYcxv85HSqWkJdgoYYd8=
82,-56,J9fJQZ1xoq3Z0yA5UaDw4gOymsM=,W7W6BxmYYcxv85HSqWkJdgoYYd8=
83,-56,J9fJQZ1xoq3Z0yA5UaDw4gOymsM=,W7W6BxmYYcxv85HSqWkJdgoYYd8=
84,-56,J9fJQZ1xoq3Z0yA5UaDw4gOymsM=,W7W6BxmYYcxv85HSqWkJdgoYYd8=
85,-56,J9fJQZ1xoq3Z0yA5UaDw4gOymsM=,W7W6BxmYYcxv85HSqWkJdgoYYd8=
86,-56,J9fJQZ1xoq3Z0yA5UaDw4gOymsM=,W7W6BxmYYcxv85HSqWkJdgoYYd8=
87,-56,J9fJQZ1xoq3Z0yA5UaDw4gOymsM=,W7W6BxmYYcxv85HSqWkJdgoYYd8=
88,-56,J9fJQZ1xoq3Z0yA5UaDw4gOymsM=,W7W6BxmYYcxv85HSqWkJdgoYYd8=
89,-56,J9fJQZ1xoq3Z0yA5UaDw4gOymsM=,W7W6BxmYYcxv85HSqWkJdgoYYd8=
90,-56,J9fJQZ1xoq3Z0yA5UaDw4gOymsM=,W7W6BxmYYcxv85HSqWkJdgoYYd8=
92,-56,J9fJQZ1xoq3Z0yA5UaDw4gOymsM=,W7W6BxmYYcxv85HSqWkJdgoYYd8=
91,-56,J9fJQZ1xoq3Z0yA5UaDw4gOymsM=,W7W6BxmYYcxv85HSqWkJdgoYYd8=
93,-56,J9fJQZ1xoq3Z0yA5UaDw4gOymsM=,W7W6BxmYYcxv85HSqWkJdgoYYd8=
94,-56,J9fJQZ1xoq3Z0yA5UaDw4gOymsM=,W7W6BxmYYcxv85HSqWkJdgoYYd8=
91,-63,J9fJQZ1xoq3Z0yA5UaDw4gOymsM=,W7W6BxmYYcxv85HSqWkJdgoYYd8=
95,-56,J9fJQZ1xoq3Z0yA5UaDw4gOymsM=,W7W6BxmYYcxv85HSqWkJdgoYYd8=
80,-55,J9fJQZ1xoq3Z0yA5UaDw4gOymsM=,W7W6BxmYYcxv85HSqWkJdgoYYd8=
92,-62,J9fJQZ1xoq3Z0yA5UaDw4gOymsM=,W7W6BxmYYcxv85HSqWkJdgoYYd8=
81,-55,J9fJQZ1xoq3Z0yA5UaDw4gOymsM=,W7W6BxmYYcxv85HSqWkJdgoYYd8=
83,-55,J9fJQZ1xoq3Z0yA5UaDw4gOymsM=,W7W6BxmYYcxv85HSqWkJdgoYYd8=
82,-55,J9fJQZ1xoq3Z0yA5UaDw4gOymsM=,W7W6BxmYYcxv85HSqWkJdgoYYd8=
84,-55,J9fJQZ1xoq3Z0yA5UaDw4gOymsM=,W7W6BxmYYcxv85HSqWkJdgoYYd8=
85,-55,J9fJQZ1xoq3Z0yA5UaDw4gOymsM=,W7W6BxmYYcxv85HSqWkJdgoYYd8=
86,-55,J9fJQZ1xoq3Z0yA5UaDw4gOymsM=,W7W6BxmYYcxv85HSqWkJdgoYYd8=
87,-55,J9fJQZ1xoq3Z0yA5UaDw4gOymsM=,W7W6BxmYYcxv85HSqWkJdgoYYd8=
88,-55,J9fJQZ1xoq3Z0yA5UaDw4gOymsM=,W7W6BxmYYcxv85HSqWkJdgoYYd8=
89,-55,J9fJQZ1xoq3Z0yA5UaDw4gOymsM=,W7W6BxmYYcxv85HSqWkJdgoYYd8=
90,-55,J9fJQZ1xoq3Z0yA5UaDw4gOymsM=,W7W6BxmYYcxv85HSqWkJdgoYYd8=
91,-55,J9fJQZ1xoq3Z0yA5UaDw4gOymsM=,W7W6BxmYYcxv85HSqWkJdgoYYd8=
92,-55,J9fJQZ1xoq3Z0yA5UaDw4gOymsM=,W7W6BxmYYcxv85HSqWkJdgoYYd8=
93,-55,J9fJQZ1xoq3Z0yA5UaDw4gOymsM=,W7W6BxmYYcxv85HSqWkJdgoYYd8=
94,-55,J9fJQZ1xoq3Z0yA5UaDw4gOymsM=,W7W6BxmYYcxv85HSqWkJdgoYYd8=
92,-63,J9fJQZ1xoq3Z0yA5UaDw4gOymsM=,W7W6BxmYYcxv85HSqWkJdgoYYd8=
95,-55,J9fJQZ1xoq3Z0yA5UaDw4gOymsM=,W7W6BxmYYcxv85HSqWkJdgoYYd8=
80,-54,J9fJQZ1xoq3Z0yA5UaDw4gOymsM=,W7W6BxmYYcxv85HSqWkJdgoYYd8=
93,-62,J9fJQZ1xoq3Z0yA5UaDw4gOymsM=,W7W6BxmYYcxv85HSqWkJdgoYYd8=
81,-54,J9fJQZ1xoq3Z0yA5UaDw4gOymsM=,W7W6BxmYYcxv85HSqWkJdgoYYd8=
82,-54,J9fJQZ1xoq3Z0yA5UaDw4gOymsM=,W7W6BxmYYcxv85HSqWkJdgoYYd8=
83,-54,J9fJQZ1xoq3Z0yA5UaDw4gOymsM=,W7W6BxmYYcxv85HSqWkJdgoYYd8=
84,-54,J9fJQZ1xoq3Z0yA5UaDw4gOymsM=,W7W6BxmYYcxv85HSqWkJdgoYYd8=
85,-54,J9fJQZ1xoq3Z0yA5UaDw4gOymsM=,W7W6BxmYYcxv85HSqWkJdgoYYd8=
86,-54,J9fJQZ1xoq3Z0yA5UaDw4gOymsM=,W7W6BxmYYcxv85HSqWkJdgoYYd8=
87,-54,J9fJQZ1xoq3Z0yA5UaDw4gOymsM=,W7W6BxmYYcxv85HSqWkJdgoYYd8=
88,-54,J9fJQZ1xoq3Z0yA5UaDw4gOymsM=,W7W6BxmYYcxv85HSqWkJdgoYYd8=
89,-54,J9fJQZ1xoq3Z0yA5UaDw4gOymsM=,W7W6BxmYYcxv85HSqWkJdgoYYd8=
90,-54,J9fJQZ1xoq3Z0yA5UaDw4gOymsM=,W7W6BxmYYcxv85HSqWkJdgoYYd8=
91,-54,J9fJQZ1xoq3Z0yA5UaDw4gOymsM=,W7W6BxmYYcxv85HSqWkJdgoYYd8=
92,-54,J9fJQZ1xoq3Z0yA5UaDw4gOymsM=,W7W6BxmYYcxv85HSqWkJdgoYYd8=
93,-54,J9fJQZ1xoq3Z0yA5UaDw4gOymsM=,W7W6BxmYYcxv85HSqWkJdgoYYd8=
94,-54,J9fJQZ1xoq3Z0yA5UaDw4gOymsM=,W7W6BxmYYcxv85HSqWkJdgoYYd8=
95,-54,J9fJQZ1xoq3Z0yA5UaDw4gOymsM=,W7W6BxmYYcxv85HSqWkJdgoYYd8=
93,-63,J9fJQZ1xoq3Z0yA5UaDw4gOymsM=,W7W6BxmYYcxv85HSqWkJdgoYYd8=
80,-53,J9fJQZ1xoq3Z0yA5UaDw4gOymsM=,W7W6BxmYYcxv85HSqWkJdgoYYd8=
94,-62,J9fJQZ1xoq3Z0yA5UaDw4gOymsM=,W7W6BxmYYcxv85HSqWkJdgoYYd8=
81,-53,J9fJQZ1xoq3Z0yA5UaDw4gOymsM=,W7W6BxmYYcxv85HSqWkJdgoYYd8=
82,-53,J9fJQZ1xoq3Z0yA5UaDw4gOymsM=,W7W6BxmYYcxv85HSqWkJdgoYYd8=
83,-53,J9fJQZ1xoq3Z0yA5UaDw4gOymsM=,W7W6BxmYYcxv85HSqWkJdgoYYd8=
84,-53,J9fJQZ1xoq3Z0yA5UaDw4gOymsM=,W7W6BxmYYcxv85HSqWkJdgoYYd8=
85,-53,J9fJQZ1xoq3Z0yA5UaDw4gOymsM=,W7W6BxmYYcxv85HSqWkJdgoYYd8=
86,-53,J9fJQZ1xoq3Z0yA5UaDw4gOymsM=,W7W6BxmYYcxv85HSqWkJdgoYYd8=
87,-53,J9fJQZ1xoq3Z0yA5UaDw4gOymsM=,W7W6BxmYYcxv85HSqWkJdgoYYd8=
88,-53,J9fJQZ1xoq3Z0yA5UaDw4gOymsM=,W7W6BxmYYcxv85HSqWkJdgoYYd8=
89,-53,J9fJQZ1xoq3Z0yA5UaDw4gOymsM=,W7W6BxmYYcxv85HSqWkJdgoYYd8=
90,-53,J9fJQZ1xoq3Z0yA5UaDw4gOymsM=,W7W6BxmYYcxv85HSqWkJdgoYYd8=
92,-53,J9fJQZ1xoq3Z0yA5UaDw4gOymsM=,W7W6BxmYYcxv85HSqWkJdgoYYd8=
91,-53,J9fJQZ1xoq3Z0yA5UaDw4gOymsM=,W7W6BxmYYcxv85HSqWkJdgoYYd8=
93,-53,J9fJQZ1xoq3Z0yA5UaDw4gOymsM=,W7W6BxmYYcxv85HSqWkJdgoYYd8=
94,-53,J9fJQZ1xoq3Z0yA5UaDw4gOymsM=,W7W6BxmYYcxv85HSqWkJdgoYYd8=
94,-63,J9fJQZ1xoq3Z0yA5UaDw4gOymsM=,W7W6BxmYYcxv85HSqWkJdgoYYd8=
95,-63,J9fJQZ1xoq3Z0yA5UaDw4gOymsM=,W7W6BxmYYcxv85HSqWkJdgoYYd8=
95,-53,J9fJQZ1xoq3Z0yA5UaDw4gOymsM=,W7W6BxmYYcxv85HSqWkJdgoYYd8=
95,-62,J9fJQZ1xoq3Z0yA5UaDw4gOymsM=,W7W6BxmYYcxv85HSqWkJdgoYYd8=
80,-52,J9fJQZ1xoq3Z0yA5UaDw4gOymsM=,W7W6BxmYYcxv85HSqWkJdgoYYd8=
81,-52,J9fJQZ1xoq3Z0yA5UaDw4gOymsM=,W7W6BxmYYcxv85HSqWkJdgoYYd8=
82,-52,J9fJQZ1xoq3Z0yA5UaDw4gOymsM=,W7W6BxmYYcxv85HSqWkJdgoYYd8=
83,-52,J9fJQZ1xoq3Z0yA5UaDw4gOymsM=,W7W6BxmYYcxv85HSqWkJdgoYYd8=
84,-52,J9fJQZ1xoq3Z0yA5UaDw4gOymsM=,W7W6BxmYYcxv85HSqWkJdgoYYd8=
85,-52,J9fJQZ1xoq3Z0yA5UaDw4gOymsM=,W7W6BxmYYcxv85HSqWkJdgoYYd8=
86,-52,J9fJQZ1xoq3Z0yA5UaDw4gOymsM=,W7W6BxmYYcxv85HSqWkJdgoYYd8=
87,-52,J9fJQZ1xoq3Z0yA5UaDw4gOymsM=,W7W6BxmYYcxv85HSqWkJdgoYYd8=
89,-52,J9fJQZ1xoq3Z0yA5UaDw4gOymsM=,W7W6BxmYYcxv85HSqWkJdgoYYd8=
88,-52,J9fJQZ1xoq3Z0yA5UaDw4gOymsM=,W7W6BxmYYcxv85HSqWkJdgoYYd8=
90,-52,J9fJQZ1xoq3Z0yA5UaDw4gOymsM=,W7W6BxmYYcxv85HSqWkJdgoYYd8=
91,-52,J9fJQZ1xoq3Z0yA5UaDw4gOymsM=,W7W6BxmYYcxv85HSqWkJdgoYYd8=
92,-52,J9fJQZ1xoq3Z0yA5UaDw4gOymsM=,W7W6BxmYYcxv85HSqWkJdgoYYd8=
93,-52,J9fJQZ1xoq3Z0yA5UaDw4gOymsM=,W7W6BxmYYcxv85HSqWkJdgoYYd8=
95,-52,J9fJQZ1xoq3Z0yA5UaDw4gOymsM=,W7W6BxmYYcxv85HSqWkJdgoYYd8=
94,-52,J9fJQZ1xoq3Z0yA5UaDw4gOymsM=,W7W6BxmYYcxv85HSqWkJdgoYYd8=
80,-51,J9fJQZ1xoq3Z0yA5UaDw4gOymsM=,W7W6BxmYYcxv85HSqWkJdgoYYd8=
81,-51,J9fJQZ1xoq3Z0yA5UaDw4gOymsM=,W7W6BxmYYcxv85HSqWkJdgoYYd8=
82,-51,J9fJQZ1xoq3Z0yA5UaDw4gOymsM=,W7W6BxmYYcxv85HSqWkJdgoYYd8=
84,-51,J9fJQZ1xoq3Z0yA5UaDw4gOymsM=,W7W6BxmYYcxv85HSqWkJdgoYYd8=
83,-51,J9fJQZ1xoq3Z0yA5UaDw4gOymsM=,W7W6BxmYYcxv85HSqWkJdgoYYd8=
85,-51,J9fJQZ1xoq3Z0yA5UaDw4gOymsM=,W7W6BxmYYcxv85HSqWkJdgoYYd8=
86,-51,J9fJQZ1xoq3Z0yA5UaDw4gOymsM=,W7W6BxmYYcxv85HSqWkJdgoYYd8=
87,-51,J9fJQZ1xoq3Z0yA5UaDw4gOymsM=,W7W6BxmYYcxv85HSqWkJdgoYYd8=
88,-51,J9fJQZ1xoq3Z0yA5UaDw4gOymsM=,W7W6BxmYYcxv85HSqWkJdgoYYd8=
89,-51,J9fJQZ1xoq3Z0yA5UaDw4gOymsM=,W7W6BxmYYcxv85HSqWkJdgoYYd8=
90,-51,J9fJQZ1xoq3Z0yA5UaDw4gOymsM=,W7W6BxmYYcxv85HSqWkJdgoYYd8=
91,-51,J9fJQZ1xoq3Z0yA5UaDw4gOymsM=,W7W6BxmYYcxv85HSqWkJdgoYYd8=
92,-51,J9fJQZ1xoq3Z0yA5UaDw4gOymsM=,W7W6BxmYYcxv85HSqWkJdgoYYd8=
93,-51,J9fJQZ1xoq3Z0yA5UaDw4gOymsM=,W7W6BxmYYcxv85HSqWkJdgoYYd8=
94,-51,J9fJQZ1xoq3Z0yA5UaDw4gOymsM=,W7W6BxmYYcxv85HSqWkJdgoYYd8=
95,-51,J9fJQZ1xoq3Z0yA5UaDw4gOymsM=,W7W6BxmYYcxv85HSqWkJdgoYYd8=
80,-50,J9fJQZ1xoq3Z0yA5UaDw4gOymsM=,W7W6BxmYYcxv85HSqWkJdgoYYd8=
81,-50,J9fJQZ1xoq3Z0yA5UaDw4gOymsM=,W7W6BxmYYcxv85HSqWkJdgoYYd8=
82,-50,J9fJQZ1xoq3Z0yA5UaDw4gOymsM=,W7W6BxmYYcxv85HSqWkJdgoYYd8=
83,-50,J9fJQZ1xoq3Z0yA5UaDw4gOymsM=,W7W6BxmYYcxv85HSqWkJdgoYYd8=
84,-50,J9fJQZ1xoq3Z0yA5UaDw4gOymsM=,W7W6BxmYYcxv85HSqWkJdgoYYd8=
85,-50,J9fJQZ1xoq3Z0yA5UaDw4gOymsM=,W7W6BxmYYcxv85HSqWkJdgoYYd8=
86,-50,J9fJQZ1xoq3Z0yA5UaDw4gOymsM=,W7W6BxmYYcxv85HSqWkJdgoYYd8=
87,-50,J9fJQZ1xoq3Z0yA5UaDw4gOymsM=,W7W6BxmYYcxv85HSqWkJdgoYYd8=
88,-50,J9fJQZ1xoq3Z0yA5UaDw4gOymsM=,W7W6BxmYYcxv85HSqWkJdgoYYd8=
89,-50,J9fJQZ1xoq3Z0yA5UaDw4gOymsM=,W7W6BxmYYcxv85HSqWkJdgoYYd8=
90,-50,J9fJQZ1xoq3Z0yA5UaDw4gOymsM=,W7W6BxmYYcxv85HSqWkJdgoYYd8=
91,-50,J9fJQZ1xoq3Z0yA5UaDw4gOymsM=,W7W6BxmYYcxv85HSqWkJdgoYYd8=
92,-50,J9fJQZ1xoq3Z0yA5UaDw4gOymsM=,W7W6BxmYYcxv85HSqWkJdgoYYd8=
93,-50,J9fJQZ1xoq3Z0yA5UaDw4gOymsM=,W7W6BxmYYcxv85HSqWkJdgoYYd8=
94,-50,J9fJQZ1xoq3Z0yA5UaDw4gOymsM=,W7W6BxmYYcxv85HSqWkJdgoYYd8=
95,-50,J9fJQZ1xoq3Z0yA5UaDw4gOymsM=,W7W6BxmYYcxv85HSqWkJdgoYYd8=
80,-49,J9fJQZ1xoq3Z0yA5UaDw4gOymsM=,W7W6BxmYYcxv85HSqWkJdgoYYd8=
81,-49,J9fJQZ1xoq3Z0yA5UaDw4gOymsM=,W7W6BxmYYcxv85HSqWkJdgoYYd8=
82,-49,J9fJQZ1xoq3Z0yA5UaDw4gOymsM=,W7W6BxmYYcxv85HSqWkJdgoYYd8=
83,-49,J9fJQZ1xoq3Z0yA5UaDw4gOymsM=,W7W6BxmYYcxv85HSqWkJdgoYYd8=
85,-49,J9fJQZ1xoq3Z0yA5UaDw4gOymsM=,W7W6BxmYYcxv85HSqWkJdgoYYd8=
84,-49,J9fJQZ1xoq3Z0yA5UaDw4gOymsM=,W7W6BxmYYcxv85HSqWkJdgoYYd8=
86,-49,J9fJQZ1xoq3Z0yA5UaDw4gOymsM=,W7W6BxmYYcxv85HSqWkJdgoYYd8=
87,-49,J9fJQZ1xoq3Z0yA5UaDw4gOymsM=,W7W6BxmYYcxv85HSqWkJdgoYYd8=
88,-49,J9fJQZ1xoq3Z0yA5UaDw4gOymsM=,W7W6BxmYYcxv85HSqWkJdgoYYd8=
89,-49,J9fJQZ1xoq3Z0yA5UaDw4gOymsM=,W7W6BxmYYcxv85HSqWkJdgoYYd8=
90,-49,J9fJQZ1xoq3Z0yA5UaDw4gOymsM=,W7W6BxmYYcxv85HSqWkJdgoYYd8=
91,-49,J9fJQZ1xoq3Z0yA5UaDw4gOymsM=,W7W6BxmYYcxv85HSqWkJdgoYYd8=
92,-49,J9fJQZ1xoq3Z0yA5UaDw4gOymsM=,W7W6BxmYYcxv85HSqWkJdgoYYd8=
93,-49,J9fJQZ1xoq3Z0yA5UaDw4gOymsM=,W7W6BxmYYcxv85HSqWkJdgoYYd8=
94,-49,J9fJQZ1xoq3Z0yA5UaDw4gOymsM=,W7W6BxmYYcxv85HSqWkJdgoYYd8=
84,-62,J9fJQZ1xoq3Z0yA5UaDw4gOymsM=,W7W6BxmYYcxv85HSqWkJdgoYYd8=
95,-49,J9fJQZ1xoq3Z0yA5UaDw4gOymsM=,W7W6BxmYYcxv85HSqWkJdgoYYd8=
83,-61,J9fJQZ1xoq3Z0yA5UaDw4gOymsM=,W7W6BxmYYcxv85HSqWkJdgoYYd8=
84,-61,J9fJQZ1xoq3Z0yA5UaDw4gOymsM=,W7W6BxmYYcxv85HSqWkJdgoYYd8=
85,-61,J9fJQZ1xoq3Z0yA5UaDw4gOymsM=,W7W6BxmYYcxv85HSqWkJdgoYYd8=
85,-62,J9fJQZ1xoq3Z0yA5UaDw4gOymsM=,W7W6BxmYYcxv85HSqWkJdgoYYd8=
87,-64,J9fJQZ1xoq3Z0yA5UaDw4gOymsM=,W7W6BxmYYcxv85HSqWkJdgoYYd8=
81,-64,J9fJQZ1xoq3Z0yA5UaDw4gOymsM=,W7W6BxmYYcxv85HSqWkJdgoYYd8=
86,-64,J9fJQZ1xoq3Z0yA5UaDw4gOymsM=,W7W6BxmYYcxv85HSqWkJdgoYYd8=
84,-64,J9fJQZ1xoq3Z0yA5UaDw4gOymsM=,W7W6BxmYYcxv85HSqWkJdgoYYd8=
95,-64,J9fJQZ1xoq3Z0yA5UaDw4gOymsM=,W7W6BxmYYcxv85HSqWkJdgoYYd8=
83,-64,J9fJQZ1xoq3Z0yA5UaDw4gOymsM=,W7W6BxmYYcxv85HSqWkJdgoYYd8=
88,-64,J9fJQZ1xoq3Z0yA5UaDw4gOymsM=,W7W6BxmYYcxv85HSqWkJdgoYYd8=
82,-64,J9fJQZ1xoq3Z0yA5UaDw4gOymsM=,W7W6BxmYYcxv85HSqWkJdgoYYd8=
85,-64,J9fJQZ1xoq3Z0yA5UaDw4gOymsM=,W7W6BxmYYcxv85HSqWkJdgoYYd8=
85,-63,J9fJQZ1xoq3Z0yA5UaDw4gOymsM=,W7W6BxmYYcxv85HSqWkJdgoYYd8=
80,-64,J9fJQZ1xoq3Z0yA5UaDw4gOymsM=,W7W6BxmYYcxv85HSqWkJdgoYYd8=
94,-64,J9fJQZ1xoq3Z0yA5UaDw4gOymsM=,W7W6BxmYYcxv85HSqWkJdgoYYd8=
93,-64,J9fJQZ1xoq3Z0yA5UaDw4gOymsM=,W7W6BxmYYcxv85HSqWkJdgoYYd8=
89,-64,J9fJQZ1xoq3Z0yA5UaDw4gOymsM=,W7W6BxmYYcxv85HSqWkJdgoYYd8=
84,-63,J9fJQZ1xoq3Z0yA5UaDw4gOymsM=,W7W6BxmYYcxv85HSqWkJdgoYYd8=
82,-61,J9fJQZ1xoq3Z0yA5UaDw4gOymsM=,W7W6BxmYYcxv85HSqWkJdgoYYd8=
92,-64,J9fJQZ1xoq3Z0yA5UaDw4gOymsM=,W7W6BxmYYcxv85HSqWkJdgoYYd8=
90,-64,J9fJQZ1xoq3Z0yA5UaDw4gOymsM=,W7W6BxmYYcxv85HSqWkJdgoYYd8=
81,-61,J9fJQZ1xoq3Z0yA5UaDw4gOymsM=,W7W6BxmYYcxv85HSqWkJdgoYYd8=
83,-62,J9fJQZ1xoq3Z0yA5UaDw4gOymsM=,W7W6BxmYYcxv85HSqWkJdgoYYd8=
91,-64,J9fJQZ1xoq3Z0yA5UaDw4gOymsM=,W7W6BxmYYcxv85HSqWkJdgoYYd8=
80,-60,J9fJQZ1xoq3Z0yA5UaDw4gOymsM=,W7W6BxmYYcxv85HSqWkJdgoYYd8=
83,-63,J9fJQZ1xoq3Z0yA5UaDw4gOymsM=,W7W6BxmYYcxv85HSqWkJdgoYYd8=
81,-60,J9fJQZ1xoq3Z0yA5UaDw4gOymsM=,W7W6BxmYYcxv85HSqWkJdgoYYd8=
82,-62,J9fJQZ1xoq3Z0yA5UaDw4gOymsM=,W7W6BxmYYcxv85HSqWkJdgoYYd8=
87,-63,J9fJQZ1xoq3Z0yA5UaDw4gOymsM=,W7W6BxmYYcxv85HSqWkJdgoYYd8=
80,-59,J9fJQZ1xoq3Z0yA5UaDw4gOymsM=,W7W6BxmYYcxv85HSqWkJdgoYYd8=
82,-63,J9fJQZ1xoq3Z0yA5UaDw4gOymsM=,W7W6BxmYYcxv85HSqWkJdgoYYd8=
88,-63,J9fJQZ1xoq3Z0yA5UaDw4gOymsM=,W7W6BxmYYcxv85HSqWkJdgoYYd8=
89,-63,J9fJQZ1xoq3Z0yA5UaDw4gOymsM=,W7W6BxmYYcxv85HSqWkJdgoYYd8=
81,-62,J9fJQZ1xoq3Z0yA5UaDw4gOymsM=,W7W6BxmYYcxv85HSqWkJdgoYYd8=
80,-62,J9fJQZ1xoq3Z0yA5UaDw4gOymsM=,W7W6BxmYYcxv85HSqWkJdgoYYd8=
80,-61,J9fJQZ1xoq3Z0yA5UaDw4gOymsM=,W7W6BxmYYcxv85HSqWkJdgoYYd8=
81,-63,J9fJQZ1xoq3Z0yA5UaDw4gOymsM=,W7W6BxmYYcxv85HSqWkJdgoYYd8=
80,-63,J9fJQZ1xoq3Z0yA5UaDw4gOymsM=,W7W6BxmYYcxv85HSqWkJdgoYYd8=
70,-61,W3tuwBV3yagsX8O5lmROm9Bfalo=,kKL0Fv6m4XsHOZd5aVsL2Zq8Zfg=
69,-64,l4E3unlpKbAXu9TM1QyNnfizHKI=,kKL0Fv6m4XsHOZd5aVsL2Zq8Zfg=
70,-62,l4E3unlpKbAXu9TM1QyNnfizHKI=,kKL0Fv6m4XsHOZd5aVsL2Zq8Zfg=
69,-62,l4E3unlpKbAXu9TM1QyNnfizHKI=,kKL0Fv6m4XsHOZd5aVsL2Zq8Zfg=
67,-64,3KqEI7zDVFEgCaemor3quR2Z/Qo=,kKL0Fv6m4XsHOZd5aVsL2Zq8Zfg=
71,-61,3KqEI7zDVFEgCaemor3quR2Z/Qo=,kKL0Fv6m4XsHOZd5aVsL2Zq8Zfg=
72,-61,3KqEI7zDVFEgCaemor3quR2Z/Qo=,kKL0Fv6m4XsHOZd5aVsL2Zq8Zfg=
68,-61,3KqEI7zDVFEgCaemor3quR2Z/Qo=,kKL0Fv6m4XsHOZd5aVsL2Zq8Zfg=
73,-61,3KqEI7zDVFEgCaemor3quR2Z/Qo=,kKL0Fv6m4XsHOZd5aVsL2Zq8Zfg=
67,-61,Xht86E5jweEQ7X5XTAT+zFL6vKQ=,kKL0Fv6m4XsHOZd5aVsL2Zq8Zfg=
69,-63,Xht86E5jweEQ7X5XTAT+zFL6vKQ=,kKL0Fv6m4XsHOZd5aVsL2Zq8Zfg=
68,-63,Xht86E5jweEQ7X5XTAT+zFL6vKQ=,kKL0Fv6m4XsHOZd5aVsL2Zq8Zfg=
68,-62,Xht86E5jweEQ7X5XTAT+zFL6vKQ=,kKL0Fv6m4XsHOZd5aVsL2Zq8Zfg=
79,-49,Xht86E5jweEQ7X5XTAT+zFL6vKQ=,kKL0Fv6m4XsHOZd5aVsL2Zq8Zfg=
66,-61,Xht86E5jweEQ7X5XTAT+zFL6vKQ=,kKL0Fv6m4XsHOZd5aVsL2Zq8Zfg=
65,-64,Xht86E5jweEQ7X5XTAT+zFL6vKQ=,kKL0Fv6m4XsHOZd5aVsL2Zq8Zfg=
78,-49,Xht86E5jweEQ7X5XTAT+zFL6vKQ=,kKL0Fv6m4XsHOZd5aVsL2Zq8Zfg=
76,-49,Xht86E5jweEQ7X5XTAT+zFL6vKQ=,kKL0Fv6m4XsHOZd5aVsL2Zq8Zfg=
74,-49,Xht86E5jweEQ7X5XTAT+zFL6vKQ=,kKL0Fv6m4XsHOZd5aVsL2Zq8Zfg=
77,-49,Xht86E5jweEQ7X5XTAT+zFL6vKQ=,kKL0Fv6m4XsHOZd5aVsL2Zq8Zfg=
73,-49,Xht86E5jweEQ7X5XTAT+zFL6vKQ=,kKL0Fv6m4XsHOZd5aVsL2Zq8Zfg=
75,-49,Xht86E5jweEQ7X5XTAT+zFL6vKQ=,kKL0Fv6m4XsHOZd5aVsL2Zq8Zfg=
72,-49,Xht86E5jweEQ7X5XTAT+zFL6vKQ=,kKL0Fv6m4XsHOZd5aVsL2Zq8Zfg=
71,-49,Xht86E5jweEQ7X5XTAT+zFL6vKQ=,kKL0Fv6m4XsHOZd5aVsL2Zq8Zfg=
70,-49,Xht86E5jweEQ7X5XTAT+zFL6vKQ=,kKL0Fv6m4XsHOZd5aVsL2Zq8Zfg=
69,-49,Xht86E5jweEQ7X5XTAT+zFL6vKQ=,kKL0Fv6m4XsHOZd5aVsL2Zq8Zfg=
68,-49,Xht86E5jweEQ7X5XTAT+zFL6vKQ=,kKL0Fv6m4XsHOZd5aVsL2Zq8Zfg=
65,-61,Xht86E5jweEQ7X5XTAT+zFL6vKQ=,kKL0Fv6m4XsHOZd5aVsL2Zq8Zfg=
68,-64,Xht86E5jweEQ7X5XTAT+zFL6vKQ=,kKL0Fv6m4XsHOZd5aVsL2Zq8Zfg=
79,-50,Xht86E5jweEQ7X5XTAT+zFL6vKQ=,kKL0Fv6m4XsHOZd5aVsL2Zq8Zfg=
78,-50,Xht86E5jweEQ7X5XTAT+zFL6vKQ=,kKL0Fv6m4XsHOZd5aVsL2Zq8Zfg=
67,-62,Xht86E5jweEQ7X5XTAT+zFL6vKQ=,kKL0Fv6m4XsHOZd5aVsL2Zq8Zfg=
77,-50,Xht86E5jweEQ7X5XTAT+zFL6vKQ=,kKL0Fv6m4XsHOZd5aVsL2Zq8Zfg=
76,-50,Xht86E5jweEQ7X5XTAT+zFL6vKQ=,kKL0Fv6m4XsHOZd5aVsL2Zq8Zfg=
74,-50,Xht86E5jweEQ7X5XTAT+zFL6vKQ=,kKL0Fv6m4XsHOZd5aVsL2Zq8Zfg=
73,-50,Xht86E5jweEQ7X5XTAT+zFL6vKQ=,kKL0Fv6m4XsHOZd5aVsL2Zq8Zfg=
75,-50,Xht86E5jweEQ7X5XTAT+zFL6vKQ=,kKL0Fv6m4XsHOZd5aVsL2Zq8Zfg=
72,-50,Xht86E5jweEQ7X5XTAT+zFL6vKQ=,kKL0Fv6m4XsHOZd5aVsL2Zq8Zfg=
71,-50,Xht86E5jweEQ7X5XTAT+zFL6vKQ=,kKL0Fv6m4XsHOZd5aVsL2Zq8Zfg=
74,-61,Xht86E5jweEQ7X5XTAT+zFL6vKQ=,kKL0Fv6m4XsHOZd5aVsL2Zq8Zfg=
67,-63,Xht86E5jweEQ7X5XTAT+zFL6vKQ=,kKL0Fv6m4XsHOZd5aVsL2Zq8Zfg=
79,-51,Xht86E5jweEQ7X5XTAT+zFL6vKQ=,kKL0Fv6m4XsHOZd5aVsL2Zq8Zfg=
66,-62,Xht86E5jweEQ7X5XTAT+zFL6vKQ=,kKL0Fv6m4XsHOZd5aVsL2Zq8Zfg=
77,-51,Xht86E5jweEQ7X5XTAT+zFL6vKQ=,kKL0Fv6m4XsHOZd5aVsL2Zq8Zfg=
76,-51,Xht86E5jweEQ7X5XTAT+zFL6vKQ=,kKL0Fv6m4XsHOZd5aVsL2Zq8Zfg=
75,-51,Xht86E5jweEQ7X5XTAT+zFL6vKQ=,kKL0Fv6m4XsHOZd5aVsL2Zq8Zfg=
74,-51,Xht86E5jweEQ7X5XTAT+zFL6vKQ=,kKL0Fv6m4XsHOZd5aVsL2Zq8Zfg=
73,-51,Xht86E5jweEQ7X5XTAT+zFL6vKQ=,kKL0Fv6m4XsHOZd5aVsL2Zq8Zfg=
72,-51,Xht86E5jweEQ7X5XTAT+zFL6vKQ=,kKL0Fv6m4XsHOZd5aVsL2Zq8Zfg=
69,-61,Xht86E5jweEQ7X5XTAT+zFL6vKQ=,kKL0Fv6m4XsHOZd5aVsL2Zq8Zfg=
64,-49,Xht86E5jweEQ7X5XTAT+zFL6vKQ=,kKL0Fv6m4XsHOZd5aVsL2Zq8Zfg=
75,-61,Xht86E5jweEQ7X5XTAT+zFL6vKQ=,kKL0Fv6m4XsHOZd5aVsL2Zq8Zfg=
67,-49,Xht86E5jweEQ7X5XTAT+zFL6vKQ=,kKL0Fv6m4XsHOZd5aVsL2Zq8Zfg=
67,-50,Xht86E5jweEQ7X5XTAT+zFL6vKQ=,kKL0Fv6m4XsHOZd5aVsL2Zq8Zfg=
71,-51,Xht86E5jweEQ7X5XTAT+zFL6vKQ=,kKL0Fv6m4XsHOZd5aVsL2Zq8Zfg=
66,-63,Xht86E5jweEQ7X5XTAT+zFL6vKQ=,kKL0Fv6m4XsHOZd5aVsL2Zq8Zfg=
79,-52,Xht86E5jweEQ7X5XTAT+zFL6vKQ=,kKL0Fv6m4XsHOZd5aVsL2Zq8Zfg=
65,-62,Xht86E5jweEQ7X5XTAT+zFL6vKQ=,kKL0Fv6m4XsHOZd5aVsL2Zq8Zfg=
78,-52,Xht86E5jweEQ7X5XTAT+zFL6vKQ=,kKL0Fv6m4XsHOZd5aVsL2Zq8Zfg=
77,-52,Xht86E5jweEQ7X5XTAT+zFL6vKQ=,kKL0Fv6m4XsHOZd5aVsL2Zq8Zfg=
76,-52,Xht86E5jweEQ7X5XTAT+zFL6vKQ=,kKL0Fv6m4XsHOZd5aVsL2Zq8Zfg=
75,-52,Xht86E5jweEQ7X5XTAT+zFL6vKQ=,kKL0Fv6m4XsHOZd5aVsL2Zq8Zfg=
74,-52,Xht86E5jweEQ7X5XTAT+zFL6vKQ=,kKL0Fv6m4XsHOZd5aVsL2Zq8Zfg=
73,-52,Xht86E5jweEQ7X5XTAT+zFL6vKQ=,kKL0Fv6m4XsHOZd5aVsL2Zq8Zfg=
72,-52,Xht86E5jweEQ7X5XTAT+zFL6vKQ=,kKL0Fv6m4XsHOZd5aVsL2Zq8Zfg=
69,-50,Xht86E5jweEQ7X5XTAT+zFL6vKQ=,kKL0Fv6m4XsHOZd5aVsL2Zq8Zfg=
69,-51,Xht86E5jweEQ7X5XTAT+zFL6vKQ=,kKL0Fv6m4XsHOZd5aVsL2Zq8Zfg=
66,-49,Xht86E5jweEQ7X5XTAT+zFL6vKQ=,kKL0Fv6m4XsHOZd5aVsL2Zq8Zfg=
68,-50,Xht86E5jweEQ7X5XTAT+zFL6vKQ=,kKL0Fv6m4XsHOZd5aVsL2Zq8Zfg=
64,-50,Xht86E5jweEQ7X5XTAT+zFL6vKQ=,kKL0Fv6m4XsHOZd5aVsL2Zq8Zfg=
71,-52,Xht86E5jweEQ7X5XTAT+zFL6vKQ=,kKL0Fv6m4XsHOZd5aVsL2Zq8Zfg=
65,-63,Xht86E5jweEQ7X5XTAT+zFL6vKQ=,kKL0Fv6m4XsHOZd5aVsL2Zq8Zfg=
66,-50,Xht86E5jweEQ7X5XTAT+zFL6vKQ=,kKL0Fv6m4XsHOZd5aVsL2Zq8Zfg=
64,-63,Xht86E5jweEQ7X5XTAT+zFL6vKQ=,kKL0Fv6m4XsHOZd5aVsL2Zq8Zfg=
66,-64,Xht86E5jweEQ7X5XTAT+zFL6vKQ=,kKL0Fv6m4XsHOZd5aVsL2Zq8Zfg=
70,-50,Xht86E5jweEQ7X5XTAT+zFL6vKQ=,kKL0Fv6m4XsHOZd5aVsL2Zq8Zfg=
64,-61,Xht86E5jweEQ7X5XTAT+zFL6vKQ=,kKL0Fv6m4XsHOZd5aVsL2Zq8Zfg=
64,-64,Xht86E5jweEQ7X5XTAT+zFL6vKQ=,kKL0Fv6m4XsHOZd5aVsL2Zq8Zfg=
70,-51,Xht86E5jweEQ7X5XTAT+zFL6vKQ=,kKL0Fv6m4XsHOZd5aVsL2Zq8Zfg=
64,-62,Xht86E5jweEQ7X5XTAT+zFL6vKQ=,kKL0Fv6m4XsHOZd5aVsL2Zq8Zfg=
66,-51,Xht86E5jweEQ7X5XTAT+zFL6vKQ=,kKL0Fv6m4XsHOZd5aVsL2Zq8Zfg=
78,-64,Xht86E5jweEQ7X5XTAT+zFL6vKQ=,kKL0Fv6m4XsHOZd5aVsL2Zq8Zfg=
68,-51,Xht86E5jweEQ7X5XTAT+zFL6vKQ=,kKL0Fv6m4XsHOZd5aVsL2Zq8Zfg=
78,-63,Xht86E5jweEQ7X5XTAT+zFL6vKQ=,kKL0Fv6m4XsHOZd5aVsL2Zq8Zfg=
79,-53,Xht86E5jweEQ7X5XTAT+zFL6vKQ=,kKL0Fv6m4XsHOZd5aVsL2Zq8Zfg=
78,-53,Xht86E5jweEQ7X5XTAT+zFL6vKQ=,kKL0Fv6m4XsHOZd5aVsL2Zq8Zfg=
77,-53,Xht86E5jweEQ7X5XTAT+zFL6vKQ=,kKL0Fv6m4XsHOZd5aVsL2Zq8Zfg=
76,-53,Xht86E5jweEQ7X5XTAT+zFL6vKQ=,kKL0Fv6m4XsHOZd5aVsL2Zq8Zfg=
75,-53,Xht86E5jweEQ7X5XTAT+zFL6vKQ=,kKL0Fv6m4XsHOZd5aVsL2Zq8Zfg=
74,-53,Xht86E5jweEQ7X5XTAT+zFL6vKQ=,kKL0Fv6m4XsHOZd5aVsL2Zq8Zfg=
73,-53,Xht86E5jweEQ7X5XTAT+zFL6vKQ=,kKL0Fv6m4XsHOZd5aVsL2Zq8Zfg=
72,-53,Xht86E5jweEQ7X5XTAT+zFL6vKQ=,kKL0Fv6m4XsHOZd5aVsL2Zq8Zfg=
79,-64,Xht86E5jweEQ7X5XTAT+zFL6vKQ=,kKL0Fv6m4XsHOZd5aVsL2Zq8Zfg=
65,-51,Xht86E5jweEQ7X5XTAT+zFL6vKQ=,kKL0Fv6m4XsHOZd5aVsL2Zq8Zfg=
65,-49,Xht86E5jweEQ7X5XTAT+zFL6vKQ=,kKL0Fv6m4XsHOZd5aVsL2Zq8Zfg=
65,-50,Xht86E5jweEQ7X5XTAT+zFL6vKQ=,kKL0Fv6m4XsHOZd5aVsL2Zq8Zfg=
67,-51,Xht86E5jweEQ7X5XTAT+zFL6vKQ=,kKL0Fv6m4XsHOZd5aVsL2Zq8Zfg=
76,-61,Xht86E5jweEQ7X5XTAT+zFL6vKQ=,kKL0Fv6m4XsHOZd5aVsL2Zq8Zfg=
71,-53,Xht86E5jweEQ7X5XTAT+zFL6vKQ=,kKL0Fv6m4XsHOZd5aVsL2Zq8Zfg=
69,-52,Xht86E5jweEQ7X5XTAT+zFL6vKQ=,kKL0Fv6m4XsHOZd5aVsL2Zq8Zfg=
68,-52,Xht86E5jweEQ7X5XTAT+zFL6vKQ=,kKL0Fv6m4XsHOZd5aVsL2Zq8Zfg=
79,-63,Xht86E5jweEQ7X5XTAT+zFL6vKQ=,kKL0Fv6m4XsHOZd5aVsL2Zq8Zfg=
77,-64,Xht86E5jweEQ7X5XTAT+zFL6vKQ=,kKL0Fv6m4XsHOZd5aVsL2Zq8Zfg=
77,-63,Xht86E5jweEQ7X5XTAT+zFL6vKQ=,kKL0Fv6m4XsHOZd5aVsL2Zq8Zfg=
79,-54,Xht86E5jweEQ7X5XTAT+zFL6vKQ=,kKL0Fv6m4XsHOZd5aVsL2Zq8Zfg=
78,-54,Xht86E5jweEQ7X5XTAT+zFL6vKQ=,kKL0Fv6m4XsHOZd5aVsL2Zq8Zfg=
77,-54,Xht86E5jweEQ7X5XTAT+zFL6vKQ=,kKL0Fv6m4XsHOZd5aVsL2Zq8Zfg=
76,-54,Xht86E5jweEQ7X5XTAT+zFL6vKQ=,kKL0Fv6m4XsHOZd5aVsL2Zq8Zfg=
75,-54,Xht86E5jweEQ7X5XTAT+zFL6vKQ=,kKL0Fv6m4XsHOZd5aVsL2Zq8Zfg=
74,-54,Xht86E5jweEQ7X5XTAT+zFL6vKQ=,kKL0Fv6m4XsHOZd5aVsL2Zq8Zfg=
70,-52,Xht86E5jweEQ7X5XTAT+zFL6vKQ=,kKL0Fv6m4XsHOZd5aVsL2Zq8Zfg=
64,-51,Xht86E5jweEQ7X5XTAT+zFL6vKQ=,kKL0Fv6m4XsHOZd5aVsL2Zq8Zfg=
70,-53,Xht86E5jweEQ7X5XTAT+zFL6vKQ=,kKL0Fv6m4XsHOZd5aVsL2Zq8Zfg=
64,-52,Xht86E5jweEQ7X5XTAT+zFL6vKQ=,kKL0Fv6m4XsHOZd5aVsL2Zq8Zfg=
73,-54,Xht86E5jweEQ7X5XTAT+zFL6vKQ=,kKL0Fv6m4XsHOZd5aVsL2Zq8Zfg=
78,-62,Xht86E5jweEQ7X5XTAT+zFL6vKQ=,kKL0Fv6m4XsHOZd5aVsL2Zq8Zfg=
69,-53,Xht86E5jweEQ7X5XTAT+zFL6vKQ=,kKL0Fv6m4XsHOZd5aVsL2Zq8Zfg=
79,-62,Xht86E5jweEQ7X5XTAT+zFL6vKQ=,kKL0Fv6m4XsHOZd5aVsL2Zq8Zfg=
65,-52,Xht86E5jweEQ7X5XTAT+zFL6vKQ=,kKL0Fv6m4XsHOZd5aVsL2Zq8Zfg=
67,-52,Xht86E5jweEQ7X5XTAT+zFL6vKQ=,kKL0Fv6m4XsHOZd5aVsL2Zq8Zfg=
71,-54,Xht86E5jweEQ7X5XTAT+zFL6vKQ=,kKL0Fv6m4XsHOZd5aVsL2Zq8Zfg=
76,-64,Xht86E5jweEQ7X5XTAT+zFL6vKQ=,kKL0Fv6m4XsHOZd5aVsL2Zq8Zfg=
76,-63,Xht86E5jweEQ7X5XTAT+zFL6vKQ=,kKL0Fv6m4XsHOZd5aVsL2Zq8Zfg=
79,-55,Xht86E5jweEQ7X5XTAT+zFL6vKQ=,kKL0Fv6m4XsHOZd5aVsL2Zq8Zfg=
77,-55,Xht86E5jweEQ7X5XTAT+zFL6vKQ=,kKL0Fv6m4XsHOZd5aVsL2Zq8Zfg=
78,-55,Xht86E5jweEQ7X5XTAT+zFL6vKQ=,kKL0Fv6m4XsHOZd5aVsL2Zq8Zfg=
76,-55,Xht86E5jweEQ7X5XTAT+zFL6vKQ=,kKL0Fv6m4XsHOZd5aVsL2Zq8Zfg=
77,-62,Xht86E5jweEQ7X5XTAT+zFL6vKQ=,kKL0Fv6m4XsHOZd5aVsL2Zq8Zfg=
64,-53,Xht86E5jweEQ7X5XTAT+zFL6vKQ=,kKL0Fv6m4XsHOZd5aVsL2Zq8Zfg=
77,-61,Xht86E5jweEQ7X5XTAT+zFL6vKQ=,kKL0Fv6m4XsHOZd5aVsL2Zq8Zfg=
68,-53,Xht86E5jweEQ7X5XTAT+zFL6vKQ=,kKL0Fv6m4XsHOZd5aVsL2Zq8Zfg=
72,-54,Xht86E5jweEQ7X5XTAT+zFL6vKQ=,kKL0Fv6m4XsHOZd5aVsL2Zq8Zfg=
70,-54,Xht86E5jweEQ7X5XTAT+zFL6vKQ=,kKL0Fv6m4XsHOZd5aVsL2Zq8Zfg=
65,-54,Xht86E5jweEQ7X5XTAT+zFL6vKQ=,kKL0Fv6m4XsHOZd5aVsL2Zq8Zfg=
66,-53,Xht86E5jweEQ7X5XTAT+zFL6vKQ=,kKL0Fv6m4XsHOZd5aVsL2Zq8Zfg=
65,-53,Xht86E5jweEQ7X5XTAT+zFL6vKQ=,kKL0Fv6m4XsHOZd5aVsL2Zq8Zfg=
69,-54,Xht86E5jweEQ7X5XTAT+zFL6vKQ=,kKL0Fv6m4XsHOZd5aVsL2Zq8Zfg=
67,-53,Xht86E5jweEQ7X5XTAT+zFL6vKQ=,kKL0Fv6m4XsHOZd5aVsL2Zq8Zfg=
66,-52,Xht86E5jweEQ7X5XTAT+zFL6vKQ=,kKL0Fv6m4XsHOZd5aVsL2Zq8Zfg=
72,-55,Xht86E5jweEQ7X5XTAT+zFL6vKQ=,kKL0Fv6m4XsHOZd5aVsL2Zq8Zfg=
75,-55,Xht86E5jweEQ7X5XTAT+zFL6vKQ=,kKL0Fv6m4XsHOZd5aVsL2Zq8Zfg=
66,-54,Xht86E5jweEQ7X5XTAT+zFL6vKQ=,kKL0Fv6m4XsHOZd5aVsL2Zq8Zfg=
74,-55,Xht86E5jweEQ7X5XTAT+zFL6vKQ=,kKL0Fv6m4XsHOZd5aVsL2Zq8Zfg=
78,-61,Xht86E5jweEQ7X5XTAT+zFL6vKQ=,kKL0Fv6m4XsHOZd5aVsL2Zq8Zfg=
64,-54,Xht86E5jweEQ7X5XTAT+zFL6vKQ=,kKL0Fv6m4XsHOZd5aVsL2Zq8Zfg=
70,-55,Xht86E5jweEQ7X5XTAT+zFL6vKQ=,kKL0Fv6m4XsHOZd5aVsL2Zq8Zfg=
67,-55,Xht86E5jweEQ7X5XTAT+zFL6vKQ=,kKL0Fv6m4XsHOZd5aVsL2Zq8Zfg=
67,-54,Xht86E5jweEQ7X5XTAT+zFL6vKQ=,kKL0Fv6m4XsHOZd5aVsL2Zq8Zfg=
71,-55,Xht86E5jweEQ7X5XTAT+zFL6vKQ=,kKL0Fv6m4XsHOZd5aVsL2Zq8Zfg=
68,-54,Xht86E5jweEQ7X5XTAT+zFL6vKQ=,kKL0Fv6m4XsHOZd5aVsL2Zq8Zfg=
70,-63,Xht86E5jweEQ7X5XTAT+zFL6vKQ=,kKL0Fv6m4XsHOZd5aVsL2Zq8Zfg=
69,-55,Xht86E5jweEQ7X5XTAT+zFL6vKQ=,kKL0Fv6m4XsHOZd5aVsL2Zq8Zfg=
70,-64,Xht86E5jweEQ7X5XTAT+zFL6vKQ=,kKL0Fv6m4XsHOZd5aVsL2Zq8Zfg=
64,-60,Xht86E5jweEQ7X5XTAT+zFL6vKQ=,kKL0Fv6m4XsHOZd5aVsL2Zq8Zfg=
71,-62,Xht86E5jweEQ7X5XTAT+zFL6vKQ=,kKL0Fv6m4XsHOZd5aVsL2Zq8Zfg=
65,-60,Xht86E5jweEQ7X5XTAT+zFL6vKQ=,kKL0Fv6m4XsHOZd5aVsL2Zq8Zfg=
66,-60,Xht86E5jweEQ7X5XTAT+zFL6vKQ=,kKL0Fv6m4XsHOZd5aVsL2Zq8Zfg=
67,-60,Xht86E5jweEQ7X5XTAT+zFL6vKQ=,kKL0Fv6m4XsHOZd5aVsL2Zq8Zfg=
69,-60,Xht86E5jweEQ7X5XTAT+zFL6vKQ=,kKL0Fv6m4XsHOZd5aVsL2Zq8Zfg=
68,-60,Xht86E5jweEQ7X5XTAT+zFL6vKQ=,kKL0Fv6m4XsHOZd5aVsL2Zq8Zfg=
70,-60,Xht86E5jweEQ7X5XTAT+zFL6vKQ=,kKL0Fv6m4XsHOZd5aVsL2Zq8Zfg=
71,-60,Xht86E5jweEQ7X5XTAT+zFL6vKQ=,kKL0Fv6m4XsHOZd5aVsL2Zq8Zfg=
72,-60,Xht86E5jweEQ7X5XTAT+zFL6vKQ=,kKL0Fv6m4XsHOZd5aVsL2Zq8Zfg=
73,-55,Xht86E5jweEQ7X5XTAT+zFL6vKQ=,kKL0Fv6m4XsHOZd5aVsL2Zq8Zfg=
68,-55,Xht86E5jweEQ7X5XTAT+zFL6vKQ=,kKL0Fv6m4XsHOZd5aVsL2Zq8Zfg=
75,-60,Xht86E5jweEQ7X5XTAT+zFL6vKQ=,kKL0Fv6m4XsHOZd5aVsL2Zq8Zfg=
73,-60,Xht86E5jweEQ7X5XTAT+zFL6vKQ=,kKL0Fv6m4XsHOZd5aVsL2Zq8Zfg=
79,-61,Xht86E5jweEQ7X5XTAT+zFL6vKQ=,kKL0Fv6m4XsHOZd5aVsL2Zq8Zfg=
76,-60,Xht86E5jweEQ7X5XTAT+zFL6vKQ=,kKL0Fv6m4XsHOZd5aVsL2Zq8Zfg=
77,-60,Xht86E5jweEQ7X5XTAT+zFL6vKQ=,kKL0Fv6m4XsHOZd5aVsL2Zq8Zfg=
71,-63,Xht86E5jweEQ7X5XTAT+zFL6vKQ=,kKL0Fv6m4XsHOZd5aVsL2Zq8Zfg=
71,-64,Xht86E5jweEQ7X5XTAT+zFL6vKQ=,kKL0Fv6m4XsHOZd5aVsL2Zq8Zfg=
64,-59,Xht86E5jweEQ7X5XTAT+zFL6vKQ=,kKL0Fv6m4XsHOZd5aVsL2Zq8Zfg=
72,-62,Xht86E5jweEQ7X5XTAT+zFL6vKQ=,kKL0Fv6m4XsHOZd5aVsL2Zq8Zfg=
66,-59,Xht86E5jweEQ7X5XTAT+zFL6vKQ=,kKL0Fv6m4XsHOZd5aVsL2Zq8Zfg=
65,-59,Xht86E5jweEQ7X5XTAT+zFL6vKQ=,kKL0Fv6m4XsHOZd5aVsL2Zq8Zfg=
67,-59,Xht86E5jweEQ7X5XTAT+zFL6vKQ=,kKL0Fv6m4XsHOZd5aVsL2Zq8Zfg=
68,-59,Xht86E5jweEQ7X5XTAT+zFL6vKQ=,kKL0Fv6m4XsHOZd5aVsL2Zq8Zfg=
69,-59,Xht86E5jweEQ7X5XTAT+zFL6vKQ=,kKL0Fv6m4XsHOZd5aVsL2Zq8Zfg=
70,-59,Xht86E5jweEQ7X5XTAT+zFL6vKQ=,kKL0Fv6m4XsHOZd5aVsL2Zq8Zfg=
71,-59,Xht86E5jweEQ7X5XTAT+zFL6vKQ=,kKL0Fv6m4XsHOZd5aVsL2Zq8Zfg=
72,-59,Xht86E5jweEQ7X5XTAT+zFL6vKQ=,kKL0Fv6m4XsHOZd5aVsL2Zq8Zfg=
74,-60,Xht86E5jweEQ7X5XTAT+zFL6vKQ=,kKL0Fv6m4XsHOZd5aVsL2Zq8Zfg=
78,-60,Xht86E5jweEQ7X5XTAT+zFL6vKQ=,kKL0Fv6m4XsHOZd5aVsL2Zq8Zfg=
79,-60,Xht86E5jweEQ7X5XTAT+zFL6vKQ=,kKL0Fv6m4XsHOZd5aVsL2Zq8Zfg=
73,-59,Xht86E5jweEQ7X5XTAT+zFL6vKQ=,kKL0Fv6m4XsHOZd5aVsL2Zq8Zfg=
74,-59,Xht86E5jweEQ7X5XTAT+zFL6vKQ=,kKL0Fv6m4XsHOZd5aVsL2Zq8Zfg=
76,-59,Xht86E5jweEQ7X5XTAT+zFL6vKQ=,kKL0Fv6m4XsHOZd5aVsL2Zq8Zfg=
75,-59,Xht86E5jweEQ7X5XTAT+zFL6vKQ=,kKL0Fv6m4XsHOZd5aVsL2Zq8Zfg=
72,-63,Xht86E5jweEQ7X5XTAT+zFL6vKQ=,kKL0Fv6m4XsHOZd5aVsL2Zq8Zfg=
72,-64,Xht86E5jweEQ7X5XTAT+zFL6vKQ=,kKL0Fv6m4XsHOZd5aVsL2Zq8Zfg=
64,-58,Xht86E5jweEQ7X5XTAT+zFL6vKQ=,kKL0Fv6m4XsHOZd5aVsL2Zq8Zfg=
73,-62,Xht86E5jweEQ7X5XTAT+zFL6vKQ=,kKL0Fv6m4XsHOZd5aVsL2Zq8Zfg=
65,-58,Xht86E5jweEQ7X5XTAT+zFL6vKQ=,kKL0Fv6m4XsHOZd5aVsL2Zq8Zfg=
66,-58,Xht86E5jweEQ7X5XTAT+zFL6vKQ=,kKL0Fv6m4XsHOZd5aVsL2Zq8Zfg=
67,-58,Xht86E5jweEQ7X5XTAT+zFL6vKQ=,kKL0Fv6m4XsHOZd5aVsL2Zq8Zfg=
68,-58,Xht86E5jweEQ7X5XTAT+zFL6vKQ=,kKL0Fv6m4XsHOZd5aVsL2Zq8Zfg=
77,-59,Xht86E5jweEQ7X5XTAT+zFL6vKQ=,kKL0Fv6m4XsHOZd5aVsL2Zq8Zfg=
70,-58,Xht86E5jweEQ7X5XTAT+zFL6vKQ=,kKL0Fv6m4XsHOZd5aVsL2Zq8Zfg=
78,-59,Xht86E5jweEQ7X5XTAT+zFL6vKQ=,kKL0Fv6m4XsHOZd5aVsL2Zq8Zfg=
71,-58,Xht86E5jweEQ7X5XTAT+zFL6vKQ=,kKL0Fv6m4XsHOZd5aVsL2Zq8Zfg=
69,-58,Xht86E5jweEQ7X5XTAT+zFL6vKQ=,kKL0Fv6m4XsHOZd5aVsL2Zq8Zfg=
72,-58,Xht86E5jweEQ7X5XTAT+zFL6vKQ=,kKL0Fv6m4XsHOZd5aVsL2Zq8Zfg=
79,-59,Xht86E5jweEQ7X5XTAT+zFL6vKQ=,kKL0Fv6m4XsHOZd5aVsL2Zq8Zfg=
75,-58,Xht86E5jweEQ7X5XTAT+zFL6vKQ=,kKL0Fv6m4XsHOZd5aVsL2Zq8Zfg=
73,-58,Xht86E5jweEQ7X5XTAT+zFL6vKQ=,kKL0Fv6m4XsHOZd5aVsL2Zq8Zfg=
76,-58,Xht86E5jweEQ7X5XTAT+zFL6vKQ=,kKL0Fv6m4XsHOZd5aVsL2Zq8Zfg=
79,-58,Xht86E5jweEQ7X5XTAT+zFL6vKQ=,kKL0Fv6m4XsHOZd5aVsL2Zq8Zfg=
78,-51,Xht86E5jweEQ7X5XTAT+zFL6vKQ=,kKL0Fv6m4XsHOZd5aVsL2Zq8Zfg=
73,-63,Xht86E5jweEQ7X5XTAT+zFL6vKQ=,kKL0Fv6m4XsHOZd5aVsL2Zq8Zfg=
73,-64,Xht86E5jweEQ7X5XTAT+zFL6vKQ=,kKL0Fv6m4XsHOZd5aVsL2Zq8Zfg=
74,-62,Xht86E5jweEQ7X5XTAT+zFL6vKQ=,kKL0Fv6m4XsHOZd5aVsL2Zq8Zfg=
65,-57,Xht86E5jweEQ7X5XTAT+zFL6vKQ=,kKL0Fv6m4XsHOZd5aVsL2Zq8Zfg=
66,-57,Xht86E5jweEQ7X5XTAT+zFL6vKQ=,kKL0Fv6m4XsHOZd5aVsL2Zq8Zfg=
67,-57,Xht86E5jweEQ7X5XTAT+zFL6vKQ=,kKL0Fv6m4XsHOZd5aVsL2Zq8Zfg=
74,-58,Xht86E5jweEQ7X5XTAT+zFL6vKQ=,kKL0Fv6m4XsHOZd5aVsL2Zq8Zfg=
64,-57,Xht86E5jweEQ7X5XTAT+zFL6vKQ=,kKL0Fv6m4XsHOZd5aVsL2Zq8Zfg=
68,-57,Xht86E5jweEQ7X5XTAT+zFL6vKQ=,kKL0Fv6m4XsHOZd5aVsL2Zq8Zfg=
78,-57,Xht86E5jweEQ7X5XTAT+zFL6vKQ=,kKL0Fv6m4XsHOZd5aVsL2Zq8Zfg=
79,-57,Xht86E5jweEQ7X5XTAT+zFL6vKQ=,kKL0Fv6m4XsHOZd5aVsL2Zq8Zfg=
74,-63,Xht86E5jweEQ7X5XTAT+zFL6vKQ=,kKL0Fv6m4XsHOZd5aVsL2Zq8Zfg=
74,-64,Xht86E5jweEQ7X5XTAT+zFL6vKQ=,kKL0Fv6m4XsHOZd5aVsL2Zq8Zfg=
64,-56,Xht86E5jweEQ7X5XTAT+zFL6vKQ=,kKL0Fv6m4XsHOZd5aVsL2Zq8Zfg=
75,-62,Xht86E5jweEQ7X5XTAT+zFL6vKQ=,kKL0Fv6m4XsHOZd5aVsL2Zq8Zfg=
65,-56,Xht86E5jweEQ7X5XTAT+zFL6vKQ=,kKL0Fv6m4XsHOZd5aVsL2Zq8Zfg=
66,-56,Xht86E5jweEQ7X5XTAT+zFL6vKQ=,kKL0Fv6m4XsHOZd5aVsL2Zq8Zfg=
69,-57,Xht86E5jweEQ7X5XTAT+zFL6vKQ=,kKL0Fv6m4XsHOZd5aVsL2Zq8Zfg=
78,-58,Xht86E5jweEQ7X5XTAT+zFL6vKQ=,kKL0Fv6m4XsHOZd5aVsL2Zq8Zfg=
77,-58,Xht86E5jweEQ7X5XTAT+zFL6vKQ=,kKL0Fv6m4XsHOZd5aVsL2Zq8Zfg=
67,-56,Xht86E5jweEQ7X5XTAT+zFL6vKQ=,kKL0Fv6m4XsHOZd5aVsL2Zq8Zfg=
75,-57,Xht86E5jweEQ7X5XTAT+zFL6vKQ=,kKL0Fv6m4XsHOZd5aVsL2Zq8Zfg=
77,-56,Xht86E5jweEQ7X5XTAT+zFL6vKQ=,kKL0Fv6m4XsHOZd5aVsL2Zq8Zfg=
78,-56,Xht86E5jweEQ7X5XTAT+zFL6vKQ=,kKL0Fv6m4XsHOZd5aVsL2Zq8Zfg=
79,-56,Xht86E5jweEQ7X5XTAT+zFL6vKQ=,kKL0Fv6m4XsHOZd5aVsL2Zq8Zfg=
75,-63,Xht86E5jweEQ7X5XTAT+zFL6vKQ=,kKL0Fv6m4XsHOZd5aVsL2Zq8Zfg=
75,-64,Xht86E5jweEQ7X5XTAT+zFL6vKQ=,kKL0Fv6m4XsHOZd5aVsL2Zq8Zfg=
70,-57,Xht86E5jweEQ7X5XTAT+zFL6vKQ=,kKL0Fv6m4XsHOZd5aVsL2Zq8Zfg=
76,-62,Xht86E5jweEQ7X5XTAT+zFL6vKQ=,kKL0Fv6m4XsHOZd5aVsL2Zq8Zfg=
64,-55,Xht86E5jweEQ7X5XTAT+zFL6vKQ=,kKL0Fv6m4XsHOZd5aVsL2Zq8Zfg=
77,-57,Xht86E5jweEQ7X5XTAT+zFL6vKQ=,kKL0Fv6m4XsHOZd5aVsL2Zq8Zfg=
71,-57,Xht86E5jweEQ7X5XTAT+zFL6vKQ=,kKL0Fv6m4XsHOZd5aVsL2Zq8Zfg=
72,-57,Xht86E5jweEQ7X5XTAT+zFL6vKQ=,kKL0Fv6m4XsHOZd5aVsL2Zq8Zfg=
76,-56,Xht86E5jweEQ7X5XTAT+zFL6vKQ=,kKL0Fv6m4XsHOZd5aVsL2Zq8Zfg=
69,-56,Xht86E5jweEQ7X5XTAT+zFL6vKQ=,kKL0Fv6m4XsHOZd5aVsL2Zq8Zfg=
74,-57,Xht86E5jweEQ7X5XTAT+zFL6vKQ=,kKL0Fv6m4XsHOZd5aVsL2Zq8Zfg=
65,-55,Xht86E5jweEQ7X5XTAT+zFL6vKQ=,kKL0Fv6m4XsHOZd5aVsL2Zq8Zfg=
73,-57,Xht86E5jweEQ7X5XTAT+zFL6vKQ=,kKL0Fv6m4XsHOZd5aVsL2Zq8Zfg=
68,-56,Xht86E5jweEQ7X5XTAT+zFL6vKQ=,kKL0Fv6m4XsHOZd5aVsL2Zq8Zfg=
71,-56,Xht86E5jweEQ7X5XTAT+zFL6vKQ=,kKL0Fv6m4XsHOZd5aVsL2Zq8Zfg=
66,-55,Xht86E5jweEQ7X5XTAT+zFL6vKQ=,kKL0Fv6m4XsHOZd5aVsL2Zq8Zfg=
74,-56,Xht86E5jweEQ7X5XTAT+zFL6vKQ=,kKL0Fv6m4XsHOZd5aVsL2Zq8Zfg=
70,-56,Xht86E5jweEQ7X5XTAT+zFL6vKQ=,kKL0Fv6m4XsHOZd5aVsL2Zq8Zfg=
75,-56,Xht86E5jweEQ7X5XTAT+zFL6vKQ=,kKL0Fv6m4XsHOZd5aVsL2Zq8Zfg=
76,-57,Xht86E5jweEQ7X5XTAT+zFL6vKQ=,kKL0Fv6m4XsHOZd5aVsL2Zq8Zfg=
73,-56,Xht86E5jweEQ7X5XTAT+zFL6vKQ=,kKL0Fv6m4XsHOZd5aVsL2Zq8Zfg=
72,-56,Xht86E5jweEQ7X5XTAT+zFL6vKQ=,kKL0Fv6m4XsHOZd5aVsL2Zq8Zfg=
69,-48,J9Rvsu2FXE7sFNoC8ew5waU4Wgs=,VA2k+fmPRJEWiAJfLNcaNmTR71E=
70,-45,J9Rvsu2FXE7sFNoC8ew5waU4Wgs=,VA2k+fmPRJEWiAJfLNcaNmTR71E=
70,-46,J9Rvsu2FXE7sFNoC8ew5waU4Wgs=,VA2k+fmPRJEWiAJfLNcaNmTR71E=
71,-45,J9Rvsu2FXE7sFNoC8ew5waU4Wgs=,VA2k+fmPRJEWiAJfLNcaNmTR71E=
69,-46,J9Rvsu2FXE7sFNoC8ew5waU4Wgs=,VA2k+fmPRJEWiAJfLNcaNmTR71E=
72,-45,J9Rvsu2FXE7sFNoC8ew5waU4Wgs=,VA2k+fmPRJEWiAJfLNcaNmTR71E=
73,-45,iZ2Q3FI1uxJYGmkwh2WTWW5AGiY=,VA2k+fmPRJEWiAJfLNcaNmTR71E=
74,-45,HlQKhIH5TWq9DtQSrjhXHV+unCc=,VA2k+fmPRJEWiAJfLNcaNmTR71E=
75,-45,HlQKhIH5TWq9DtQSrjhXHV+unCc=,VA2k+fmPRJEWiAJfLNcaNmTR71E=
76,-45,HlQKhIH5TWq9DtQSrjhXHV+unCc=,VA2k+fmPRJEWiAJfLNcaNmTR71E=
68,-45,HlQKhIH5TWq9DtQSrjhXHV+unCc=,VA2k+fmPRJEWiAJfLNcaNmTR71E=
69,-45,HlQKhIH5TWq9DtQSrjhXHV+unCc=,VA2k+fmPRJEWiAJfLNcaNmTR71E=
78,-45,HlQKhIH5TWq9DtQSrjhXHV+unCc=,VA2k+fmPRJEWiAJfLNcaNmTR71E=
77,-45,HlQKhIH5TWq9DtQSrjhXHV+unCc=,VA2k+fmPRJEWiAJfLNcaNmTR71E=
79,-45,HlQKhIH5TWq9DtQSrjhXHV+unCc=,VA2k+fmPRJEWiAJfLNcaNmTR71E=
70,-47,HlQKhIH5TWq9DtQSrjhXHV+unCc=,VA2k+fmPRJEWiAJfLNcaNmTR71E=
70,-48,HlQKhIH5TWq9DtQSrjhXHV+unCc=,VA2k+fmPRJEWiAJfLNcaNmTR71E=
71,-46,HlQKhIH5TWq9DtQSrjhXHV+unCc=,VA2k+fmPRJEWiAJfLNcaNmTR71E=
69,-47,HlQKhIH5TWq9DtQSrjhXHV+unCc=,VA2k+fmPRJEWiAJfLNcaNmTR71E=
67,-48,HlQKhIH5TWq9DtQSrjhXHV+unCc=,VA2k+fmPRJEWiAJfLNcaNmTR71E=
68,-47,HlQKhIH5TWq9DtQSrjhXHV+unCc=,VA2k+fmPRJEWiAJfLNcaNmTR71E=
67,-45,HlQKhIH5TWq9DtQSrjhXHV+unCc=,VA2k+fmPRJEWiAJfLNcaNmTR71E=
79,-33,HlQKhIH5TWq9DtQSrjhXHV+unCc=,VA2k+fmPRJEWiAJfLNcaNmTR71E=
68,-46,HlQKhIH5TWq9DtQSrjhXHV+unCc=,VA2k+fmPRJEWiAJfLNcaNmTR71E=
78,-33,HlQKhIH5TWq9DtQSrjhXHV+unCc=,VA2k+fmPRJEWiAJfLNcaNmTR71E=
77,-33,HlQKhIH5TWq9DtQSrjhXHV+unCc=,VA2k+fmPRJEWiAJfLNcaNmTR71E=
76,-33,HlQKhIH5TWq9DtQSrjhXHV+unCc=,VA2k+fmPRJEWiAJfLNcaNmTR71E=
75,-33,HlQKhIH5TWq9DtQSrjhXHV+unCc=,VA2k+fmPRJEWiAJfLNcaNmTR71E=
74,-33,HlQKhIH5TWq9DtQSrjhXHV+unCc=,VA2k+fmPRJEWiAJfLNcaNmTR71E=
73,-33,HlQKhIH5TWq9DtQSrjhXHV+unCc=,VA2k+fmPRJEWiAJfLNcaNmTR71E=
72,-33,HlQKhIH5TWq9DtQSrjhXHV+unCc=,VA2k+fmPRJEWiAJfLNcaNmTR71E=
71,-33,HlQKhIH5TWq9DtQSrjhXHV+unCc=,VA2k+fmPRJEWiAJfLNcaNmTR71E=
64,-44,HlQKhIH5TWq9DtQSrjhXHV+unCc=,VA2k+fmPRJEWiAJfLNcaNmTR71E=
69,-33,HlQKhIH5TWq9DtQSrjhXHV+unCc=,VA2k+fmPRJEWiAJfLNcaNmTR71E=
68,-33,HlQKhIH5TWq9DtQSrjhXHV+unCc=,VA2k+fmPRJEWiAJfLNcaNmTR71E=
65,-48,HlQKhIH5TWq9DtQSrjhXHV+unCc=,VA2k+fmPRJEWiAJfLNcaNmTR71E=
65,-44,HlQKhIH5TWq9DtQSrjhXHV+unCc=,VA2k+fmPRJEWiAJfLNcaNmTR71E=
70,-33,HlQKhIH5TWq9DtQSrjhXHV+unCc=,VA2k+fmPRJEWiAJfLNcaNmTR71E=
66,-45,HlQKhIH5TWq9DtQSrjhXHV+unCc=,VA2k+fmPRJEWiAJfLNcaNmTR71E=
65,-33,HlQKhIH5TWq9DtQSrjhXHV+unCc=,VA2k+fmPRJEWiAJfLNcaNmTR71E=
68,-48,HlQKhIH5TWq9DtQSrjhXHV+unCc=,VA2k+fmPRJEWiAJfLNcaNmTR71E=
66,-33,HlQKhIH5TWq9DtQSrjhXHV+unCc=,VA2k+fmPRJEWiAJfLNcaNmTR71E=
66,-44,HlQKhIH5TWq9DtQSrjhXHV+unCc=,VA2k+fmPRJEWiAJfLNcaNmTR71E=
67,-44,HlQKhIH5TWq9DtQSrjhXHV+unCc=,VA2k+fmPRJEWiAJfLNcaNmTR71E=
67,-33,HlQKhIH5TWq9DtQSrjhXHV+unCc=,VA2k+fmPRJEWiAJfLNcaNmTR71E=
79,-34,HlQKhIH5TWq9DtQSrjhXHV+unCc=,VA2k+fmPRJEWiAJfLNcaNmTR71E=
78,-34,HlQKhIH5TWq9DtQSrjhXHV+unCc=,VA2k+fmPRJEWiAJfLNcaNmTR71E=
64,-33,HlQKhIH5TWq9DtQSrjhXHV+unCc=,VA2k+fmPRJEWiAJfLNcaNmTR71E=
77,-34,HlQKhIH5TWq9DtQSrjhXHV+unCc=,VA2k+fmPRJEWiAJfLNcaNmTR71E=
76,-34,HlQKhIH5TWq9DtQSrjhXHV+unCc=,VA2k+fmPRJEWiAJfLNcaNmTR71E=
75,-34,HlQKhIH5TWq9DtQSrjhXHV+unCc=,VA2k+fmPRJEWiAJfLNcaNmTR71E=
74,-34,HlQKhIH5TWq9DtQSrjhXHV+unCc=,VA2k+fmPRJEWiAJfLNcaNmTR71E=
73,-34,HlQKhIH5TWq9DtQSrjhXHV+unCc=,VA2k+fmPRJEWiAJfLNcaNmTR71E=
72,-34,HlQKhIH5TWq9DtQSrjhXHV+unCc=,VA2k+fmPRJEWiAJfLNcaNmTR71E=
71,-34,HlQKhIH5TWq9DtQSrjhXHV+unCc=,VA2k+fmPRJEWiAJfLNcaNmTR71E=
70,-34,HlQKhIH5TWq9DtQSrjhXHV+unCc=,VA2k+fmPRJEWiAJfLNcaNmTR71E=
67,-46,HlQKhIH5TWq9DtQSrjhXHV+unCc=,VA2k+fmPRJEWiAJfLNcaNmTR71E=
69,-34,HlQKhIH5TWq9DtQSrjhXHV+unCc=,VA2k+fmPRJEWiAJfLNcaNmTR71E=
68,-44,HlQKhIH5TWq9DtQSrjhXHV+unCc=,VA2k+fmPRJEWiAJfLNcaNmTR71E=
69,-44,HlQKhIH5TWq9DtQSrjhXHV+unCc=,VA2k+fmPRJEWiAJfLNcaNmTR71E=
70,-44,HlQKhIH5TWq9DtQSrjhXHV+unCc=,VA2k+fmPRJEWiAJfLNcaNmTR71E=
71,-44,HlQKhIH5TWq9DtQSrjhXHV+unCc=,VA2k+fmPRJEWiAJfLNcaNmTR71E=
72,-44,HlQKhIH5TWq9DtQSrjhXHV+unCc=,VA2k+fmPRJEWiAJfLNcaNmTR71E=
73,-44,HlQKhIH5TWq9DtQSrjhXHV+unCc=,VA2k+fmPRJEWiAJfLNcaNmTR71E=
74,-44,HlQKhIH5TWq9DtQSrjhXHV+unCc=,VA2k+fmPRJEWiAJfLNcaNmTR71E=
75,-44,HlQKhIH5TWq9DtQSrjhXHV+unCc=,VA2k+fmPRJEWiAJfLNcaNmTR71E=
76,-44,HlQKhIH5TWq9DtQSrjhXHV+unCc=,VA2k+fmPRJEWiAJfLNcaNmTR71E=
77,-44,HlQKhIH5TWq9DtQSrjhXHV+unCc=,VA2k+fmPRJEWiAJfLNcaNmTR71E=
78,-44,HlQKhIH5TWq9DtQSrjhXHV+unCc=,VA2k+fmPRJEWiAJfLNcaNmTR71E=
79,-44,HlQKhIH5TWq9DtQSrjhXHV+unCc=,VA2k+fmPRJEWiAJfLNcaNmTR71E=
71,-47,HlQKhIH5TWq9DtQSrjhXHV+unCc=,VA2k+fmPRJEWiAJfLNcaNmTR71E=
72,-46,HlQKhIH5TWq9DtQSrjhXHV+unCc=,VA2k+fmPRJEWiAJfLNcaNmTR71E=
71,-48,HlQKhIH5TWq9DtQSrjhXHV+unCc=,VA2k+fmPRJEWiAJfLNcaNmTR71E=
67,-34,HlQKhIH5TWq9DtQSrjhXHV+unCc=,VA2k+fmPRJEWiAJfLNcaNmTR71E=
68,-34,HlQKhIH5TWq9DtQSrjhXHV+unCc=,VA2k+fmPRJEWiAJfLNcaNmTR71E=
65,-34,HlQKhIH5TWq9DtQSrjhXHV+unCc=,VA2k+fmPRJEWiAJfLNcaNmTR71E=
65,-45,HlQKhIH5TWq9DtQSrjhXHV+unCc=,VA2k+fmPRJEWiAJfLNcaNmTR71E=
64,-34,HlQKhIH5TWq9DtQSrjhXHV+unCc=,VA2k+fmPRJEWiAJfLNcaNmTR71E=
67,-47,HlQKhIH5TWq9DtQSrjhXHV+unCc=,VA2k+fmPRJEWiAJfLNcaNmTR71E=
79,-35,HlQKhIH5TWq9DtQSrjhXHV+unCc=,VA2k+fmPRJEWiAJfLNcaNmTR71E=
78,-35,HlQKhIH5TWq9DtQSrjhXHV+unCc=,VA2k+fmPRJEWiAJfLNcaNmTR71E=
77,-35,HlQKhIH5TWq9DtQSrjhXHV+unCc=,VA2k+fmPRJEWiAJfLNcaNmTR71E=
76,-35,HlQKhIH5TWq9DtQSrjhXHV+unCc=,VA2k+fmPRJEWiAJfLNcaNmTR71E=
75,-35,HlQKhIH5TWq9DtQSrjhXHV+unCc=,VA2k+fmPRJEWiAJfLNcaNmTR71E=
74,-35,HlQKhIH5TWq9DtQSrjhXHV+unCc=,VA2k+fmPRJEWiAJfLNcaNmTR71E=
73,-35,HlQKhIH5TWq9DtQSrjhXHV+unCc=,VA2k+fmPRJEWiAJfLNcaNmTR71E=
72,-35,HlQKhIH5TWq9DtQSrjhXHV+unCc=,VA2k+fmPRJEWiAJfLNcaNmTR71E=
71,-35,HlQKhIH5TWq9DtQSrjhXHV+unCc=,VA2k+fmPRJEWiAJfLNcaNmTR71E=
70,-35,HlQKhIH5TWq9DtQSrjhXHV+unCc=,VA2k+fmPRJEWiAJfLNcaNmTR71E=
69,-35,HlQKhIH5TWq9DtQSrjhXHV+unCc=,VA2k+fmPRJEWiAJfLNcaNmTR71E=
64,-43,HlQKhIH5TWq9DtQSrjhXHV+unCc=,VA2k+fmPRJEWiAJfLNcaNmTR71E=
68,-35,HlQKhIH5TWq9DtQSrjhXHV+unCc=,VA2k+fmPRJEWiAJfLNcaNmTR71E=
66,-34,HlQKhIH5TWq9DtQSrjhXHV+unCc=,VA2k+fmPRJEWiAJfLNcaNmTR71E=
67,-35,HlQKhIH5TWq9DtQSrjhXHV+unCc=,VA2k+fmPRJEWiAJfLNcaNmTR71E=
65,-35,HlQKhIH5TWq9DtQSrjhXHV+unCc=,VA2k+fmPRJEWiAJfLNcaNmTR71E=
66,-46,HlQKhIH5TWq9DtQSrjhXHV+unCc=,VA2k+fmPRJEWiAJfLNcaNmTR71E=
64,-35,HlQKhIH5TWq9DtQSrjhXHV+unCc=,VA2k+fmPRJEWiAJfLNcaNmTR71E=
65,-43,HlQKhIH5TWq9DtQSrjhXHV+unCc=,VA2k+fmPRJEWiAJfLNcaNmTR71E=
66,-35,HlQKhIH5TWq9DtQSrjhXHV+unCc=,VA2k+fmPRJEWiAJfLNcaNmTR71E=
79,-36,HlQKhIH5TWq9DtQSrjhXHV+unCc=,VA2k+fmPRJEWiAJfLNcaNmTR71E=
78,-36,HlQKhIH5TWq9DtQSrjhXHV+unCc=,VA2k+fmPRJEWiAJfLNcaNmTR71E=
77,-36,HlQKhIH5TWq9DtQSrjhXHV+unCc=,VA2k+fmPRJEWiAJfLNcaNmTR71E=
76,-36,HlQKhIH5TWq9DtQSrjhXHV+unCc=,VA2k+fmPRJEWiAJfLNcaNmTR71E=
75,-36,HlQKhIH5TWq9DtQSrjhXHV+unCc=,VA2k+fmPRJEWiAJfLNcaNmTR71E=
74,-36,HlQKhIH5TWq9DtQSrjhXHV+unCc=,VA2k+fmPRJEWiAJfLNcaNmTR71E=
73,-36,HlQKhIH5TWq9DtQSrjhXHV+unCc=,VA2k+fmPRJEWiAJfLNcaNmTR71E=
72,-36,HlQKhIH5TWq9DtQSrjhXHV+unCc=,VA2k+fmPRJEWiAJfLNcaNmTR71E=
71,-36,HlQKhIH5TWq9DtQSrjhXHV+unCc=,VA2k+fmPRJEWiAJfLNcaNmTR71E=
70,-36,HlQKhIH5TWq9DtQSrjhXHV+unCc=,VA2k+fmPRJEWiAJfLNcaNmTR71E=
69,-36,HlQKhIH5TWq9DtQSrjhXHV+unCc=,VA2k+fmPRJEWiAJfLNcaNmTR71E=
68,-36,HlQKhIH5TWq9DtQSrjhXHV+unCc=,VA2k+fmPRJEWiAJfLNcaNmTR71E=
66,-47,HlQKhIH5TWq9DtQSrjhXHV+unCc=,VA2k+fmPRJEWiAJfLNcaNmTR71E=
66,-43,HlQKhIH5TWq9DtQSrjhXHV+unCc=,VA2k+fmPRJEWiAJfLNcaNmTR71E=
66,-36,HlQKhIH5TWq9DtQSrjhXHV+unCc=,VA2k+fmPRJEWiAJfLNcaNmTR71E=
67,-36,HlQKhIH5TWq9DtQSrjhXHV+unCc=,VA2k+fmPRJEWiAJfLNcaNmTR71E=
64,-36,HlQKhIH5TWq9DtQSrjhXHV+unCc=,VA2k+fmPRJEWiAJfLNcaNmTR71E=
65,-46,HlQKhIH5TWq9DtQSrjhXHV+unCc=,VA2k+fmPRJEWiAJfLNcaNmTR71E=
67,-43,HlQKhIH5TWq9DtQSrjhXHV+unCc=,VA2k+fmPRJEWiAJfLNcaNmTR71E=
68,-43,HlQKhIH5TWq9DtQSrjhXHV+unCc=,VA2k+fmPRJEWiAJfLNcaNmTR71E=
69,-43,HlQKhIH5TWq9DtQSrjhXHV+unCc=,VA2k+fmPRJEWiAJfLNcaNmTR71E=
70,-43,HlQKhIH5TWq9DtQSrjhXHV+unCc=,VA2k+fmPRJEWiAJfLNcaNmTR71E=
71,-43,HlQKhIH5TWq9DtQSrjhXHV+unCc=,VA2k+fmPRJEWiAJfLNcaNmTR71E=
72,-43,HlQKhIH5TWq9DtQSrjhXHV+unCc=,VA2k+fmPRJEWiAJfLNcaNmTR71E=
73,-43,HlQKhIH5TWq9DtQSrjhXHV+unCc=,VA2k+fmPRJEWiAJfLNcaNmTR71E=
74,-43,HlQKhIH5TWq9DtQSrjhXHV+unCc=,VA2k+fmPRJEWiAJfLNcaNmTR71E=
75,-43,HlQKhIH5TWq9DtQSrjhXHV+unCc=,VA2k+fmPRJEWiAJfLNcaNmTR71E=
76,-43,HlQKhIH5TWq9DtQSrjhXHV+unCc=,VA2k+fmPRJEWiAJfLNcaNmTR71E=
77,-43,HlQKhIH5TWq9DtQSrjhXHV+unCc=,VA2k+fmPRJEWiAJfLNcaNmTR71E=
78,-43,HlQKhIH5TWq9DtQSrjhXHV+unCc=,VA2k+fmPRJEWiAJfLNcaNmTR71E=
72,-47,HlQKhIH5TWq9DtQSrjhXHV+unCc=,VA2k+fmPRJEWiAJfLNcaNmTR71E=
79,-43,HlQKhIH5TWq9DtQSrjhXHV+unCc=,VA2k+fmPRJEWiAJfLNcaNmTR71E=
73,-46,HlQKhIH5TWq9DtQSrjhXHV+unCc=,VA2k+fmPRJEWiAJfLNcaNmTR71E=
72,-48,HlQKhIH5TWq9DtQSrjhXHV+unCc=,VA2k+fmPRJEWiAJfLNcaNmTR71E=
65,-36,HlQKhIH5TWq9DtQSrjhXHV+unCc=,VA2k+fmPRJEWiAJfLNcaNmTR71E=
64,-42,HlQKhIH5TWq9DtQSrjhXHV+unCc=,VA2k+fmPRJEWiAJfLNcaNmTR71E=
79,-48,HlQKhIH5TWq9DtQSrjhXHV+unCc=,VA2k+fmPRJEWiAJfLNcaNmTR71E=
78,-48,HlQKhIH5TWq9DtQSrjhXHV+unCc=,VA2k+fmPRJEWiAJfLNcaNmTR71E=
79,-46,HlQKhIH5TWq9DtQSrjhXHV+unCc=,VA2k+fmPRJEWiAJfLNcaNmTR71E=
79,-47,HlQKhIH5TWq9DtQSrjhXHV+unCc=,VA2k+fmPRJEWiAJfLNcaNmTR71E=
79,-37,HlQKhIH5TWq9DtQSrjhXHV+unCc=,VA2k+fmPRJEWiAJfLNcaNmTR71E=
78,-37,HlQKhIH5TWq9DtQSrjhXHV+unCc=,VA2k+fmPRJEWiAJfLNcaNmTR71E=
77,-37,HlQKhIH5TWq9DtQSrjhXHV+unCc=,VA2k+fmPRJEWiAJfLNcaNmTR71E=
76,-37,HlQKhIH5TWq9DtQSrjhXHV+unCc=,VA2k+fmPRJEWiAJfLNcaNmTR71E=
75,-37,HlQKhIH5TWq9DtQSrjhXHV+unCc=,VA2k+fmPRJEWiAJfLNcaNmTR71E=
78,-47,HlQKhIH5TWq9DtQSrjhXHV+unCc=,VA2k+fmPRJEWiAJfLNcaNmTR71E=
74,-37,HlQKhIH5TWq9DtQSrjhXHV+unCc=,VA2k+fmPRJEWiAJfLNcaNmTR71E=
73,-37,HlQKhIH5TWq9DtQSrjhXHV+unCc=,VA2k+fmPRJEWiAJfLNcaNmTR71E=
72,-37,HlQKhIH5TWq9DtQSrjhXHV+unCc=,VA2k+fmPRJEWiAJfLNcaNmTR71E=
70,-37,HlQKhIH5TWq9DtQSrjhXHV+unCc=,VA2k+fmPRJEWiAJfLNcaNmTR71E=
71,-37,HlQKhIH5TWq9DtQSrjhXHV+unCc=,VA2k+fmPRJEWiAJfLNcaNmTR71E=
68,-37,HlQKhIH5TWq9DtQSrjhXHV+unCc=,VA2k+fmPRJEWiAJfLNcaNmTR71E=
69,-37,HlQKhIH5TWq9DtQSrjhXHV+unCc=,VA2k+fmPRJEWiAJfLNcaNmTR71E=
77,-48,HlQKhIH5TWq9DtQSrjhXHV+unCc=,VA2k+fmPRJEWiAJfLNcaNmTR71E=
78,-46,HlQKhIH5TWq9DtQSrjhXHV+unCc=,VA2k+fmPRJEWiAJfLNcaNmTR71E=
79,-38,HlQKhIH5TWq9DtQSrjhXHV+unCc=,VA2k+fmPRJEWiAJfLNcaNmTR71E=
77,-47,HlQKhIH5TWq9DtQSrjhXHV+unCc=,VA2k+fmPRJEWiAJfLNcaNmTR71E=
78,-38,HlQKhIH5TWq9DtQSrjhXHV+unCc=,VA2k+fmPRJEWiAJfLNcaNmTR71E=
77,-38,HlQKhIH5TWq9DtQSrjhXHV+unCc=,VA2k+fmPRJEWiAJfLNcaNmTR71E=
76,-38,HlQKhIH5TWq9DtQSrjhXHV+unCc=,VA2k+fmPRJEWiAJfLNcaNmTR71E=
75,-38,HlQKhIH5TWq9DtQSrjhXHV+unCc=,VA2k+fmPRJEWiAJfLNcaNmTR71E=
74,-38,HlQKhIH5TWq9DtQSrjhXHV+unCc=,VA2k+fmPRJEWiAJfLNcaNmTR71E=
73,-38,HlQKhIH5TWq9DtQSrjhXHV+unCc=,VA2k+fmPRJEWiAJfLNcaNmTR71E=
72,-38,HlQKhIH5TWq9DtQSrjhXHV+unCc=,VA2k+fmPRJEWiAJfLNcaNmTR71E=
70,-38,HlQKhIH5TWq9DtQSrjhXHV+unCc=,VA2k+fmPRJEWiAJfLNcaNmTR71E=
71,-38,HlQKhIH5TWq9DtQSrjhXHV+unCc=,VA2k+fmPRJEWiAJfLNcaNmTR71E=
69,-38,HlQKhIH5TWq9DtQSrjhXHV+unCc=,VA2k+fmPRJEWiAJfLNcaNmTR71E=
68,-38,HlQKhIH5TWq9DtQSrjhXHV+unCc=,VA2k+fmPRJEWiAJfLNcaNmTR71E=
64,-45,HlQKhIH5TWq9DtQSrjhXHV+unCc=,VA2k+fmPRJEWiAJfLNcaNmTR71E=
67,-38,HlQKhIH5TWq9DtQSrjhXHV+unCc=,VA2k+fmPRJEWiAJfLNcaNmTR71E=
76,-48,HlQKhIH5TWq9DtQSrjhXHV+unCc=,VA2k+fmPRJEWiAJfLNcaNmTR71E=
77,-46,HlQKhIH5TWq9DtQSrjhXHV+unCc=,VA2k+fmPRJEWiAJfLNcaNmTR71E=
79,-39,HlQKhIH5TWq9DtQSrjhXHV+unCc=,VA2k+fmPRJEWiAJfLNcaNmTR71E=
76,-47,HlQKhIH5TWq9DtQSrjhXHV+unCc=,VA2k+fmPRJEWiAJfLNcaNmTR71E=
78,-39,HlQKhIH5TWq9DtQSrjhXHV+unCc=,VA2k+fmPRJEWiAJfLNcaNmTR71E=
77,-39,HlQKhIH5TWq9DtQSrjhXHV+unCc=,VA2k+fmPRJEWiAJfLNcaNmTR71E=
76,-39,HlQKhIH5TWq9DtQSrjhXHV+unCc=,VA2k+fmPRJEWiAJfLNcaNmTR71E=
75,-39,HlQKhIH5TWq9DtQSrjhXHV+unCc=,VA2k+fmPRJEWiAJfLNcaNmTR71E=
74,-39,HlQKhIH5TWq9DtQSrjhXHV+unCc=,VA2k+fmPRJEWiAJfLNcaNmTR71E=
73,-39,HlQKhIH5TWq9DtQSrjhXHV+unCc=,VA2k+fmPRJEWiAJfLNcaNmTR71E=
72,-39,HlQKhIH5TWq9DtQSrjhXHV+unCc=,VA2k+fmPRJEWiAJfLNcaNmTR71E=
71,-39,HlQKhIH5TWq9DtQSrjhXHV+unCc=,VA2k+fmPRJEWiAJfLNcaNmTR71E=
70,-39,HlQKhIH5TWq9DtQSrjhXHV+unCc=,VA2k+fmPRJEWiAJfLNcaNmTR71E=
69,-39,HlQKhIH5TWq9DtQSrjhXHV+unCc=,VA2k+fmPRJEWiAJfLNcaNmTR71E=
68,-39,HlQKhIH5TWq9DtQSrjhXHV+unCc=,VA2k+fmPRJEWiAJfLNcaNmTR71E=
64,-37,HlQKhIH5TWq9DtQSrjhXHV+unCc=,VA2k+fmPRJEWiAJfLNcaNmTR71E=
67,-39,HlQKhIH5TWq9DtQSrjhXHV+unCc=,VA2k+fmPRJEWiAJfLNcaNmTR71E=
65,-47,HlQKhIH5TWq9DtQSrjhXHV+unCc=,VA2k+fmPRJEWiAJfLNcaNmTR71E=
75,-48,HlQKhIH5TWq9DtQSrjhXHV+unCc=,VA2k+fmPRJEWiAJfLNcaNmTR71E=
76,-46,HlQKhIH5TWq9DtQSrjhXHV+unCc=,VA2k+fmPRJEWiAJfLNcaNmTR71E=
79,-40,HlQKhIH5TWq9DtQSrjhXHV+unCc=,VA2k+fmPRJEWiAJfLNcaNmTR71E=
75,-47,HlQKhIH5TWq9DtQSrjhXHV+unCc=,VA2k+fmPRJEWiAJfLNcaNmTR71E=
78,-40,HlQKhIH5TWq9DtQSrjhXHV+unCc=,VA2k+fmPRJEWiAJfLNcaNmTR71E=
77,-40,HlQKhIH5TWq9DtQSrjhXHV+unCc=,VA2k+fmPRJEWiAJfLNcaNmTR71E=
76,-40,HlQKhIH5TWq9DtQSrjhXHV+unCc=,VA2k+fmPRJEWiAJfLNcaNmTR71E=
75,-40,HlQKhIH5TWq9DtQSrjhXHV+unCc=,VA2k+fmPRJEWiAJfLNcaNmTR71E=
74,-40,HlQKhIH5TWq9DtQSrjhXHV+unCc=,VA2k+fmPRJEWiAJfLNcaNmTR71E=
73,-40,HlQKhIH5TWq9DtQSrjhXHV+unCc=,VA2k+fmPRJEWiAJfLNcaNmTR71E=
72,-40,HlQKhIH5TWq9DtQSrjhXHV+unCc=,VA2k+fmPRJEWiAJfLNcaNmTR71E=
71,-40,HlQKhIH5TWq9DtQSrjhXHV+unCc=,VA2k+fmPRJEWiAJfLNcaNmTR71E=
70,-40,HlQKhIH5TWq9DtQSrjhXHV+unCc=,VA2k+fmPRJEWiAJfLNcaNmTR71E=
69,-40,HlQKhIH5TWq9DtQSrjhXHV+unCc=,VA2k+fmPRJEWiAJfLNcaNmTR71E=
66,-37,HlQKhIH5TWq9DtQSrjhXHV+unCc=,VA2k+fmPRJEWiAJfLNcaNmTR71E=
65,-37,HlQKhIH5TWq9DtQSrjhXHV+unCc=,VA2k+fmPRJEWiAJfLNcaNmTR71E=
67,-37,HlQKhIH5TWq9DtQSrjhXHV+unCc=,VA2k+fmPRJEWiAJfLNcaNmTR71E=
74,-48,HlQKhIH5TWq9DtQSrjhXHV+unCc=,VA2k+fmPRJEWiAJfLNcaNmTR71E=
75,-46,HlQKhIH5TWq9DtQSrjhXHV+unCc=,VA2k+fmPRJEWiAJfLNcaNmTR71E=
79,-41,HlQKhIH5TWq9DtQSrjhXHV+unCc=,VA2k+fmPRJEWiAJfLNcaNmTR71E=
74,-47,HlQKhIH5TWq9DtQSrjhXHV+unCc=,VA2k+fmPRJEWiAJfLNcaNmTR71E=
78,-41,HlQKhIH5TWq9DtQSrjhXHV+unCc=,VA2k+fmPRJEWiAJfLNcaNmTR71E=
77,-41,HlQKhIH5TWq9DtQSrjhXHV+unCc=,VA2k+fmPRJEWiAJfLNcaNmTR71E=
76,-41,HlQKhIH5TWq9DtQSrjhXHV+unCc=,VA2k+fmPRJEWiAJfLNcaNmTR71E=
75,-41,HlQKhIH5TWq9DtQSrjhXHV+unCc=,VA2k+fmPRJEWiAJfLNcaNmTR71E=
74,-41,HlQKhIH5TWq9DtQSrjhXHV+unCc=,VA2k+fmPRJEWiAJfLNcaNmTR71E=
73,-41,HlQKhIH5TWq9DtQSrjhXHV+unCc=,VA2k+fmPRJEWiAJfLNcaNmTR71E=
72,-41,HlQKhIH5TWq9DtQSrjhXHV+unCc=,VA2k+fmPRJEWiAJfLNcaNmTR71E=
71,-41,HlQKhIH5TWq9DtQSrjhXHV+unCc=,VA2k+fmPRJEWiAJfLNcaNmTR71E=
70,-41,HlQKhIH5TWq9DtQSrjhXHV+unCc=,VA2k+fmPRJEWiAJfLNcaNmTR71E=
69,-41,HlQKhIH5TWq9DtQSrjhXHV+unCc=,VA2k+fmPRJEWiAJfLNcaNmTR71E=
68,-41,HlQKhIH5TWq9DtQSrjhXHV+unCc=,VA2k+fmPRJEWiAJfLNcaNmTR71E=
67,-41,HlQKhIH5TWq9DtQSrjhXHV+unCc=,VA2k+fmPRJEWiAJfLNcaNmTR71E=
68,-40,HlQKhIH5TWq9DtQSrjhXHV+unCc=,VA2k+fmPRJEWiAJfLNcaNmTR71E=
67,-40,HlQKhIH5TWq9DtQSrjhXHV+unCc=,VA2k+fmPRJEWiAJfLNcaNmTR71E=
65,-38,HlQKhIH5TWq9DtQSrjhXHV+unCc=,VA2k+fmPRJEWiAJfLNcaNmTR71E=
73,-48,HlQKhIH5TWq9DtQSrjhXHV+unCc=,VA2k+fmPRJEWiAJfLNcaNmTR71E=
74,-46,HlQKhIH5TWq9DtQSrjhXHV+unCc=,VA2k+fmPRJEWiAJfLNcaNmTR71E=
79,-42,HlQKhIH5TWq9DtQSrjhXHV+unCc=,VA2k+fmPRJEWiAJfLNcaNmTR71E=
73,-47,HlQKhIH5TWq9DtQSrjhXHV+unCc=,VA2k+fmPRJEWiAJfLNcaNmTR71E=
78,-42,HlQKhIH5TWq9DtQSrjhXHV+unCc=,VA2k+fmPRJEWiAJfLNcaNmTR71E=
77,-42,HlQKhIH5TWq9DtQSrjhXHV+unCc=,VA2k+fmPRJEWiAJfLNcaNmTR71E=
76,-42,HlQKhIH5TWq9DtQSrjhXHV+unCc=,VA2k+fmPRJEWiAJfLNcaNmTR71E=
74,-42,HlQKhIH5TWq9DtQSrjhXHV+unCc=,VA2k+fmPRJEWiAJfLNcaNmTR71E=
75,-42,HlQKhIH5TWq9DtQSrjhXHV+unCc=,VA2k+fmPRJEWiAJfLNcaNmTR71E=
73,-42,HlQKhIH5TWq9DtQSrjhXHV+unCc=,VA2k+fmPRJEWiAJfLNcaNmTR71E=
72,-42,HlQKhIH5TWq9DtQSrjhXHV+unCc=,VA2k+fmPRJEWiAJfLNcaNmTR71E=
71,-42,HlQKhIH5TWq9DtQSrjhXHV+unCc=,VA2k+fmPRJEWiAJfLNcaNmTR71E=
70,-42,HlQKhIH5TWq9DtQSrjhXHV+unCc=,VA2k+fmPRJEWiAJfLNcaNmTR71E=
69,-42,HlQKhIH5TWq9DtQSrjhXHV+unCc=,VA2k+fmPRJEWiAJfLNcaNmTR71E=
65,-39,HlQKhIH5TWq9DtQSrjhXHV+unCc=,VA2k+fmPRJEWiAJfLNcaNmTR71E=
65,-42,HlQKhIH5TWq9DtQSrjhXHV+unCc=,VA2k+fmPRJEWiAJfLNcaNmTR71E=
66,-48,HlQKhIH5TWq9DtQSrjhXHV+unCc=,VA2k+fmPRJEWiAJfLNcaNmTR71E=
64,-39,HlQKhIH5TWq9DtQSrjhXHV+unCc=,VA2k+fmPRJEWiAJfLNcaNmTR71E=
68,-42,HlQKhIH5TWq9DtQSrjhXHV+unCc=,VA2k+fmPRJEWiAJfLNcaNmTR71E=
65,-40,HlQKhIH5TWq9DtQSrjhXHV+unCc=,VA2k+fmPRJEWiAJfLNcaNmTR71E=
66,-39,HlQKhIH5TWq9DtQSrjhXHV+unCc=,VA2k+fmPRJEWiAJfLNcaNmTR71E=
64,-40,HlQKhIH5TWq9DtQSrjhXHV+unCc=,VA2k+fmPRJEWiAJfLNcaNmTR71E=
66,-42,HlQKhIH5TWq9DtQSrjhXHV+unCc=,VA2k+fmPRJEWiAJfLNcaNmTR71E=
67,-42,HlQKhIH5TWq9DtQSrjhXHV+unCc=,VA2k+fmPRJEWiAJfLNcaNmTR71E=
66,-38,HlQKhIH5TWq9DtQSrjhXHV+unCc=,VA2k+fmPRJEWiAJfLNcaNmTR71E=
66,-40,HlQKhIH5TWq9DtQSrjhXHV+unCc=,VA2k+fmPRJEWiAJfLNcaNmTR71E=
64,-47,HlQKhIH5TWq9DtQSrjhXHV+unCc=,VA2k+fmPRJEWiAJfLNcaNmTR71E=
64,-46,HlQKhIH5TWq9DtQSrjhXHV+unCc=,VA2k+fmPRJEWiAJfLNcaNmTR71E=
66,-41,HlQKhIH5TWq9DtQSrjhXHV+unCc=,VA2k+fmPRJEWiAJfLNcaNmTR71E=
64,-41,HlQKhIH5TWq9DtQSrjhXHV+unCc=,VA2k+fmPRJEWiAJfLNcaNmTR71E=
64,-38,HlQKhIH5TWq9DtQSrjhXHV+unCc=,VA2k+fmPRJEWiAJfLNcaNmTR71E=
64,-48,HlQKhIH5TWq9DtQSrjhXHV+unCc=,VA2k+fmPRJEWiAJfLNcaNmTR71E=
65,-41,HlQKhIH5TWq9DtQSrjhXHV+unCc=,VA2k+fmPRJEWiAJfLNcaNmTR71E=
