-239,-47,AGYe8vwIiRLoKe/9j3ZdZQVZTio=,S0Tc9DYfEbWHTLt1kpiL/ag6xBE=
-238,-47,AGYe8vwIiRLoKe/9j3ZdZQVZTio=,S0Tc9DYfEbWHTLt1kpiL/ag6xBE=
-237,-47,AGYe8vwIiRLoKe/9j3ZdZQVZTio=,S0Tc9DYfEbWHTLt1kpiL/ag6xBE=
-236,-47,AGYe8vwIiRLoKe/9j3ZdZQVZTio=,S0Tc9DYfEbWHTLt1kpiL/ag6xBE=
-235,-47,AGYe8vwIiRLoKe/9j3ZdZQVZTio=,S0Tc9DYfEbWHTLt1kpiL/ag6xBE=
-234,-47,AGYe8vwIiRLoKe/9j3ZdZQVZTio=,S0Tc9DYfEbWHTLt1kpiL/ag6xBE=
-239,-46,AGYe8vwIiRLoKe/9j3ZdZQVZTio=,S0Tc9DYfEbWHTLt1kpiL/ag6xBE=
-238,-46,AGYe8vwIiRLoKe/9j3ZdZQVZTio=,S0Tc9DYfEbWHTLt1kpiL/ag6xBE=
-237,-46,Gfbg2pYLzJRs/5fplJp34xJVgnQ=,S0Tc9DYfEbWHTLt1kpiL/ag6xBE=
-234,-42,Gfbg2pYLzJRs/5fplJp34xJVgnQ=,S0Tc9DYfEbWHTLt1kpiL/ag6xBE=
-236,-42,Gfbg2pYLzJRs/5fplJp34xJVgnQ=,S0Tc9DYfEbWHTLt1kpiL/ag6xBE=
-235,-42,Gfbg2pYLzJRs/5fplJp34xJVgnQ=,S0Tc9DYfEbWHTLt1kpiL/ag6xBE=
-237,-42,Gfbg2pYLzJRs/5fplJp34xJVgnQ=,S0Tc9DYfEbWHTLt1kpiL/ag6xBE=
-238,-42,Gfbg2pYLzJRs/5fplJp34xJVgnQ=,S0Tc9DYfEbWHTLt1kpiL/ag6xBE=
-239,-42,Gfbg2pYLzJRs/5fplJp34xJVgnQ=,S0Tc9DYfEbWHTLt1kpiL/ag6xBE=
-234,-43,Gfbg2pYLzJRs/5fplJp34xJVgnQ=,S0Tc9DYfEbWHTLt1kpiL/ag6xBE=
-236,-43,Gfbg2pYLzJRs/5fplJp34xJVgnQ=,S0Tc9DYfEbWHTLt1kpiL/ag6xBE=
-235,-43,Gfbg2pYLzJRs/5fplJp34xJVgnQ=,S0Tc9DYfEbWHTLt1kpiL/ag6xBE=
-238,-43,Gfbg2pYLzJRs/5fplJp34xJVgnQ=,S0Tc9DYfEbWHTLt1kpiL/ag6xBE=
-237,-43,Gfbg2pYLzJRs/5fplJp34xJVgnQ=,S0Tc9DYfEbWHTLt1kpiL/ag6xBE=
-239,-43,FurbsbnkQF/tqbuCFfbSnU3b4hA=,S0Tc9DYfEbWHTLt1kpiL/ag6xBE=
-234,-44,FurbsbnkQF/tqbuCFfbSnU3b4hA=,S0Tc9DYfEbWHTLt1kpiL/ag6xBE=
-235,-44,FurbsbnkQF/tqbuCFfbSnU3b4hA=,S0Tc9DYfEbWHTLt1kpiL/ag6xBE=
-236,-44,FurbsbnkQF/tqbuCFfbSnU3b4hA=,S0Tc9DYfEbWHTLt1kpiL/ag6xBE=
-237,-44,FurbsbnkQF/tqbuCFfbSnU3b4hA=,S0Tc9DYfEbWHTLt1kpiL/ag6xBE=
-238,-44,FurbsbnkQF/tqbuCFfbSnU3b4hA=,S0Tc9DYfEbWHTLt1kpiL/ag6xBE=
-239,-44,FurbsbnkQF/tqbuCFfbSnU3b4hA=,S0Tc9DYfEbWHTLt1kpiL/ag6xBE=
-234,-45,FurbsbnkQF/tqbuCFfbSnU3b4hA=,S0Tc9DYfEbWHTLt1kpiL/ag6xBE=
-235,-45,JxaDMFD+JaUi0XCBsrHGzHPlB+0=,S0Tc9DYfEbWHTLt1kpiL/ag6xBE=
-236,-45,JxaDMFD+JaUi0XCBsrHGzHPlB+0=,S0Tc9DYfEbWHTLt1kpiL/ag6xBE=
-237,-45,JxaDMFD+JaUi0XCBsrHGzHPlB+0=,S0Tc9DYfEbWHTLt1kpiL/ag6xBE=
-238,-45,JxaDMFD+JaUi0XCBsrHGzHPlB+0=,S0Tc9DYfEbWHTLt1kpiL/ag6xBE=
-239,-45,JxaDMFD+JaUi0XCBsrHGzHPlB+0=,S0Tc9DYfEbWHTLt1kpiL/ag6xBE=
-234,-46,JxaDMFD+JaUi0XCBsrHGzHPlB+0=,S0Tc9DYfEbWHTLt1kpiL/ag6xBE=
-235,-46,JxaDMFD+JaUi0XCBsrHGzHPlB+0=,S0Tc9DYfEbWHTLt1kpiL/ag6xBE=
-236,-46,JxaDMFD+JaUi0XCBsrHGzHPlB+0=,S0Tc9DYfEbWHTLt1kpiL/ag6xBE=
-232,-46,JxaDMFD+JaUi0XCBsrHGzHPlB+0=,oXZG2KqIoNz3ekJUdm1uPx0s05g=
-231,-46,JxaDMFD+JaUi0XCBsrHGzHPlB+0=,oXZG2KqIoNz3ekJUdm1uPx0s05g=
-230,-46,JxaDMFD+JaUi0XCBsrHGzHPlB+0=,oXZG2KqIoNz3ekJUdm1uPx0s05g=
-228,-46,JxaDMFD+JaUi0XCBsrHGzHPlB+0=,oXZG2KqIoNz3ekJUdm1uPx0s05g=
-229,-46,JxaDMFD+JaUi0XCBsrHGzHPlB+0=,oXZG2KqIoNz3ekJUdm1uPx0s05g=
-227,-46,JxaDMFD+JaUi0XCBsrHGzHPlB+0=,oXZG2KqIoNz3ekJUdm1uPx0s05g=
-226,-46,JxaDMFD+JaUi0XCBsrHGzHPlB+0=,oXZG2KqIoNz3ekJUdm1uPx0s05g=
-233,-47,JxaDMFD+JaUi0XCBsrHGzHPlB+0=,S0Tc9DYfEbWHTLt1kpiL/ag6xBE=
-231,-45,JxaDMFD+JaUi0XCBsrHGzHPlB+0=,oXZG2KqIoNz3ekJUdm1uPx0s05g=
-230,-45,JxaDMFD+JaUi0XCBsrHGzHPlB+0=,oXZG2KqIoNz3ekJUdm1uPx0s05g=
-232,-45,JxaDMFD+JaUi0XCBsrHGzHPlB+0=,oXZG2KqIoNz3ekJUdm1uPx0s05g=
-229,-45,JxaDMFD+JaUi0XCBsrHGzHPlB+0=,oXZG2KqIoNz3ekJUdm1uPx0s05g=
-228,-45,JxaDMFD+JaUi0XCBsrHGzHPlB+0=,oXZG2KqIoNz3ekJUdm1uPx0s05g=
-226,-45,JxaDMFD+JaUi0XCBsrHGzHPlB+0=,oXZG2KqIoNz3ekJUdm1uPx0s05g=
-232,-44,JxaDMFD+JaUi0XCBsrHGzHPlB+0=,oXZG2KqIoNz3ekJUdm1uPx0s05g=
-227,-45,JxaDMFD+JaUi0XCBsrHGzHPlB+0=,oXZG2KqIoNz3ekJUdm1uPx0s05g=
-231,-44,JxaDMFD+JaUi0XCBsrHGzHPlB+0=,oXZG2KqIoNz3ekJUdm1uPx0s05g=
-230,-44,JxaDMFD+JaUi0XCBsrHGzHPlB+0=,oXZG2KqIoNz3ekJUdm1uPx0s05g=
-229,-44,JxaDMFD+JaUi0XCBsrHGzHPlB+0=,oXZG2KqIoNz3ekJUdm1uPx0s05g=
-228,-44,JxaDMFD+JaUi0XCBsrHGzHPlB+0=,oXZG2KqIoNz3ekJUdm1uPx0s05g=
-233,-46,JxaDMFD+JaUi0XCBsrHGzHPlB+0=,S0Tc9DYfEbWHTLt1kpiL/ag6xBE=
-227,-44,JxaDMFD+JaUi0XCBsrHGzHPlB+0=,oXZG2KqIoNz3ekJUdm1uPx0s05g=
-226,-44,JxaDMFD+JaUi0XCBsrHGzHPlB+0=,oXZG2KqIoNz3ekJUdm1uPx0s05g=
-232,-43,JxaDMFD+JaUi0XCBsrHGzHPlB+0=,oXZG2KqIoNz3ekJUdm1uPx0s05g=
-232,-47,JxaDMFD+JaUi0XCBsrHGzHPlB+0=,oXZG2KqIoNz3ekJUdm1uPx0s05g=
-231,-43,JxaDMFD+JaUi0XCBsrHGzHPlB+0=,oXZG2KqIoNz3ekJUdm1uPx0s05g=
-229,-43,JxaDMFD+JaUi0XCBsrHGzHPlB+0=,oXZG2KqIoNz3ekJUdm1uPx0s05g=
-230,-43,JxaDMFD+JaUi0XCBsrHGzHPlB+0=,oXZG2KqIoNz3ekJUdm1uPx0s05g=
-227,-43,JxaDMFD+JaUi0XCBsrHGzHPlB+0=,oXZG2KqIoNz3ekJUdm1uPx0s05g=
-228,-43,JxaDMFD+JaUi0XCBsrHGzHPlB+0=,oXZG2KqIoNz3ekJUdm1uPx0s05g=
-226,-43,JxaDMFD+JaUi0XCBsrHGzHPlB+0=,oXZG2KqIoNz3ekJUdm1uPx0s05g=
-231,-47,JxaDMFD+JaUi0XCBsrHGzHPlB+0=,oXZG2KqIoNz3ekJUdm1uPx0s05g=
-233,-45,JxaDMFD+JaUi0XCBsrHGzHPlB+0=,S0Tc9DYfEbWHTLt1kpiL/ag6xBE=
-232,-42,JxaDMFD+JaUi0XCBsrHGzHPlB+0=,oXZG2KqIoNz3ekJUdm1uPx0s05g=
-231,-42,JxaDMFD+JaUi0XCBsrHGzHPlB+0=,oXZG2KqIoNz3ekJUdm1uPx0s05g=
-230,-47,JxaDMFD+JaUi0XCBsrHGzHPlB+0=,oXZG2KqIoNz3ekJUdm1uPx0s05g=
-230,-42,JxaDMFD+JaUi0XCBsrHGzHPlB+0=,oXZG2KqIoNz3ekJUdm1uPx0s05g=
-229,-47,JxaDMFD+JaUi0XCBsrHGzHPlB+0=,oXZG2KqIoNz3ekJUdm1uPx0s05g=
-229,-42,JxaDMFD+JaUi0XCBsrHGzHPlB+0=,oXZG2KqIoNz3ekJUdm1uPx0s05g=
-228,-42,JxaDMFD+JaUi0XCBsrHGzHPlB+0=,oXZG2KqIoNz3ekJUdm1uPx0s05g=
-233,-44,JxaDMFD+JaUi0XCBsrHGzHPlB+0=,S0Tc9DYfEbWHTLt1kpiL/ag6xBE=
-228,-47,JxaDMFD+JaUi0XCBsrHGzHPlB+0=,oXZG2KqIoNz3ekJUdm1uPx0s05g=
-227,-47,JxaDMFD+JaUi0XCBsrHGzHPlB+0=,oXZG2KqIoNz3ekJUdm1uPx0s05g=
-233,-43,JxaDMFD+JaUi0XCBsrHGzHPlB+0=,S0Tc9DYfEbWHTLt1kpiL/ag6xBE=
-226,-47,JxaDMFD+JaUi0XCBsrHGzHPlB+0=,oXZG2KqIoNz3ekJUdm1uPx0s05g=
-233,-42,JxaDMFD+JaUi0XCBsrHGzHPlB+0=,S0Tc9DYfEbWHTLt1kpiL/ag6xBE=
-225,-46,JxaDMFD+JaUi0XCBsrHGzHPlB+0=,oXZG2KqIoNz3ekJUdm1uPx0s05g=
-225,-45,JxaDMFD+JaUi0XCBsrHGzHPlB+0=,oXZG2KqIoNz3ekJUdm1uPx0s05g=
-225,-44,JxaDMFD+JaUi0XCBsrHGzHPlB+0=,oXZG2KqIoNz3ekJUdm1uPx0s05g=
-225,-43,JxaDMFD+JaUi0XCBsrHGzHPlB+0=,oXZG2KqIoNz3ekJUdm1uPx0s05g=
-225,-47,JxaDMFD+JaUi0XCBsrHGzHPlB+0=,oXZG2KqIoNz3ekJUdm1uPx0s05g=
-240,-47,JxaDMFD+JaUi0XCBsrHGzHPlB+0=,S0Tc9DYfEbWHTLt1kpiL/ag6xBE=
-240,-46,JxaDMFD+JaUi0XCBsrHGzHPlB+0=,S0Tc9DYfEbWHTLt1kpiL/ag6xBE=
-240,-45,JxaDMFD+JaUi0XCBsrHGzHPlB+0=,S0Tc9DYfEbWHTLt1kpiL/ag6xBE=
-240,-44,JxaDMFD+JaUi0XCBsrHGzHPlB+0=,S0Tc9DYfEbWHTLt1kpiL/ag6xBE=
-240,-43,JxaDMFD+JaUi0XCBsrHGzHPlB+0=,S0Tc9DYfEbWHTLt1kpiL/ag6xBE=
-240,-42,JxaDMFD+JaUi0XCBsrHGzHPlB+0=,S0Tc9DYfEbWHTLt1kpiL/ag6xBE=
-236,-48,JxaDMFD+JaUi0XCBsrHGzHPlB+0=,S0Tc9DYfEbWHTLt1kpiL/ag6xBE=
-235,-48,JxaDMFD+JaUi0XCBsrHGzHPlB+0=,S0Tc9DYfEbWHTLt1kpiL/ag6xBE=
-234,-48,JxaDMFD+JaUi0XCBsrHGzHPlB+0=,S0Tc9DYfEbWHTLt1kpiL/ag6xBE=
-239,-48,JxaDMFD+JaUi0XCBsrHGzHPlB+0=,S0Tc9DYfEbWHTLt1kpiL/ag6xBE=
-238,-48,JxaDMFD+JaUi0XCBsrHGzHPlB+0=,S0Tc9DYfEbWHTLt1kpiL/ag6xBE=
-237,-48,JxaDMFD+JaUi0XCBsrHGzHPlB+0=,S0Tc9DYfEbWHTLt1kpiL/ag6xBE=
-232,-48,JxaDMFD+JaUi0XCBsrHGzHPlB+0=,oXZG2KqIoNz3ekJUdm1uPx0s05g=
-231,-48,JxaDMFD+JaUi0XCBsrHGzHPlB+0=,oXZG2KqIoNz3ekJUdm1uPx0s05g=
-230,-48,JxaDMFD+JaUi0XCBsrHGzHPlB+0=,oXZG2KqIoNz3ekJUdm1uPx0s05g=
-233,-48,JxaDMFD+JaUi0XCBsrHGzHPlB+0=,S0Tc9DYfEbWHTLt1kpiL/ag6xBE=
-229,-48,JxaDMFD+JaUi0XCBsrHGzHPlB+0=,oXZG2KqIoNz3ekJUdm1uPx0s05g=
-228,-48,JxaDMFD+JaUi0XCBsrHGzHPlB+0=,oXZG2KqIoNz3ekJUdm1uPx0s05g=
-227,-48,JxaDMFD+JaUi0XCBsrHGzHPlB+0=,oXZG2KqIoNz3ekJUdm1uPx0s05g=
-226,-48,JxaDMFD+JaUi0XCBsrHGzHPlB+0=,oXZG2KqIoNz3ekJUdm1uPx0s05g=
-240,-48,JxaDMFD+JaUi0XCBsrHGzHPlB+0=,S0Tc9DYfEbWHTLt1kpiL/ag6xBE=
-225,-48,JxaDMFD+JaUi0XCBsrHGzHPlB+0=,oXZG2KqIoNz3ekJUdm1uPx0s05g=
-228,-35,JxaDMFD+JaUi0XCBsrHGzHPlB+0=,em/pask2QksrXv7zovDkYzzzmas=
-227,-35,JxaDMFD+JaUi0XCBsrHGzHPlB+0=,em/pask2QksrXv7zovDkYzzzmas=
-226,-33,JxaDMFD+JaUi0XCBsrHGzHPlB+0=,em/pask2QksrXv7zovDkYzzzmas=
-226,-35,JxaDMFD+JaUi0XCBsrHGzHPlB+0=,em/pask2QksrXv7zovDkYzzzmas=
-226,-34,JxaDMFD+JaUi0XCBsrHGzHPlB+0=,em/pask2QksrXv7zovDkYzzzmas=
-225,-34,JxaDMFD+JaUi0XCBsrHGzHPlB+0=,em/pask2QksrXv7zovDkYzzzmas=
-231,-33,JxaDMFD+JaUi0XCBsrHGzHPlB+0=,em/pask2QksrXv7zovDkYzzzmas=
-225,-33,JxaDMFD+JaUi0XCBsrHGzHPlB+0=,em/pask2QksrXv7zovDkYzzzmas=
-230,-33,JxaDMFD+JaUi0XCBsrHGzHPlB+0=,em/pask2QksrXv7zovDkYzzzmas=
-230,-37,JxaDMFD+JaUi0XCBsrHGzHPlB+0=,em/pask2QksrXv7zovDkYzzzmas=
-229,-37,JxaDMFD+JaUi0XCBsrHGzHPlB+0=,em/pask2QksrXv7zovDkYzzzmas=
-228,-37,JxaDMFD+JaUi0XCBsrHGzHPlB+0=,em/pask2QksrXv7zovDkYzzzmas=
-229,-33,JxaDMFD+JaUi0XCBsrHGzHPlB+0=,em/pask2QksrXv7zovDkYzzzmas=
-225,-35,JxaDMFD+JaUi0XCBsrHGzHPlB+0=,em/pask2QksrXv7zovDkYzzzmas=
-227,-37,JxaDMFD+JaUi0XCBsrHGzHPlB+0=,em/pask2QksrXv7zovDkYzzzmas=
-228,-36,JxaDMFD+JaUi0XCBsrHGzHPlB+0=,em/pask2QksrXv7zovDkYzzzmas=
-227,-36,JxaDMFD+JaUi0XCBsrHGzHPlB+0=,em/pask2QksrXv7zovDkYzzzmas=
-226,-37,JxaDMFD+JaUi0XCBsrHGzHPlB+0=,em/pask2QksrXv7zovDkYzzzmas=
-225,-37,JxaDMFD+JaUi0XCBsrHGzHPlB+0=,em/pask2QksrXv7zovDkYzzzmas=
-226,-36,JxaDMFD+JaUi0XCBsrHGzHPlB+0=,em/pask2QksrXv7zovDkYzzzmas=
-227,-33,JxaDMFD+JaUi0XCBsrHGzHPlB+0=,em/pask2QksrXv7zovDkYzzzmas=
-231,-37,JxaDMFD+JaUi0XCBsrHGzHPlB+0=,em/pask2QksrXv7zovDkYzzzmas=
-227,-34,JxaDMFD+JaUi0XCBsrHGzHPlB+0=,em/pask2QksrXv7zovDkYzzzmas=
-228,-34,JxaDMFD+JaUi0XCBsrHGzHPlB+0=,em/pask2QksrXv7zovDkYzzzmas=
-229,-35,JxaDMFD+JaUi0XCBsrHGzHPlB+0=,em/pask2QksrXv7zovDkYzzzmas=
-230,-35,JxaDMFD+JaUi0XCBsrHGzHPlB+0=,em/pask2QksrXv7zovDkYzzzmas=
-225,-38,JxaDMFD+JaUi0XCBsrHGzHPlB+0=,em/pask2QksrXv7zovDkYzzzmas=
-226,-38,JxaDMFD+JaUi0XCBsrHGzHPlB+0=,em/pask2QksrXv7zovDkYzzzmas=
-225,-39,JxaDMFD+JaUi0XCBsrHGzHPlB+0=,em/pask2QksrXv7zovDkYzzzmas=
-229,-36,JxaDMFD+JaUi0XCBsrHGzHPlB+0=,em/pask2QksrXv7zovDkYzzzmas=
-231,-35,JxaDMFD+JaUi0XCBsrHGzHPlB+0=,em/pask2QksrXv7zovDkYzzzmas=
-227,-38,JxaDMFD+JaUi0XCBsrHGzHPlB+0=,em/pask2QksrXv7zovDkYzzzmas=
-226,-39,JxaDMFD+JaUi0XCBsrHGzHPlB+0=,em/pask2QksrXv7zovDkYzzzmas=
-231,-41,JxaDMFD+JaUi0XCBsrHGzHPlB+0=,oXZG2KqIoNz3ekJUdm1uPx0s05g=
-230,-36,JxaDMFD+JaUi0XCBsrHGzHPlB+0=,em/pask2QksrXv7zovDkYzzzmas=
-231,-36,JxaDMFD+JaUi0XCBsrHGzHPlB+0=,em/pask2QksrXv7zovDkYzzzmas=
-229,-34,JxaDMFD+JaUi0XCBsrHGzHPlB+0=,em/pask2QksrXv7zovDkYzzzmas=
-225,-36,JxaDMFD+JaUi0XCBsrHGzHPlB+0=,em/pask2QksrXv7zovDkYzzzmas=
-230,-34,JxaDMFD+JaUi0XCBsrHGzHPlB+0=,em/pask2QksrXv7zovDkYzzzmas=
-228,-33,JxaDMFD+JaUi0XCBsrHGzHPlB+0=,em/pask2QksrXv7zovDkYzzzmas=
-231,-34,JxaDMFD+JaUi0XCBsrHGzHPlB+0=,em/pask2QksrXv7zovDkYzzzmas=
-230,-38,JxaDMFD+JaUi0XCBsrHGzHPlB+0=,em/pask2QksrXv7zovDkYzzzmas=
-232,-37,JxaDMFD+JaUi0XCBsrHGzHPlB+0=,em/pask2QksrXv7zovDkYzzzmas=
-232,-33,JxaDMFD+JaUi0XCBsrHGzHPlB+0=,em/pask2QksrXv7zovDkYzzzmas=
-240,-41,JxaDMFD+JaUi0XCBsrHGzHPlB+0=,S0Tc9DYfEbWHTLt1kpiL/ag6xBE=
-239,-41,JxaDMFD+JaUi0XCBsrHGzHPlB+0=,S0Tc9DYfEbWHTLt1kpiL/ag6xBE=
-238,-41,JxaDMFD+JaUi0XCBsrHGzHPlB+0=,S0Tc9DYfEbWHTLt1kpiL/ag6xBE=
-237,-41,JxaDMFD+JaUi0XCBsrHGzHPlB+0=,S0Tc9DYfEbWHTLt1kpiL/ag6xBE=
-236,-41,JxaDMFD+JaUi0XCBsrHGzHPlB+0=,S0Tc9DYfEbWHTLt1kpiL/ag6xBE=
-240,-36,JxaDMFD+JaUi0XCBsrHGzHPlB+0=,d4ZtkL3ww/iIt4vS3S+kTbCLBc8=
-234,-41,JxaDMFD+JaUi0XCBsrHGzHPlB+0=,S0Tc9DYfEbWHTLt1kpiL/ag6xBE=
-239,-36,JxaDMFD+JaUi0XCBsrHGzHPlB+0=,d4ZtkL3ww/iIt4vS3S+kTbCLBc8=
-233,-41,JxaDMFD+JaUi0XCBsrHGzHPlB+0=,S0Tc9DYfEbWHTLt1kpiL/ag6xBE=
-236,-33,JxaDMFD+JaUi0XCBsrHGzHPlB+0=,d4ZtkL3ww/iIt4vS3S+kTbCLBc8=
-235,-33,JxaDMFD+JaUi0XCBsrHGzHPlB+0=,d4ZtkL3ww/iIt4vS3S+kTbCLBc8=
-234,-33,JxaDMFD+JaUi0XCBsrHGzHPlB+0=,d4ZtkL3ww/iIt4vS3S+kTbCLBc8=
-238,-36,JxaDMFD+JaUi0XCBsrHGzHPlB+0=,d4ZtkL3ww/iIt4vS3S+kTbCLBc8=
-237,-36,JxaDMFD+JaUi0XCBsrHGzHPlB+0=,d4ZtkL3ww/iIt4vS3S+kTbCLBc8=
-233,-33,JxaDMFD+JaUi0XCBsrHGzHPlB+0=,d4ZtkL3ww/iIt4vS3S+kTbCLBc8=
-236,-36,JxaDMFD+JaUi0XCBsrHGzHPlB+0=,d4ZtkL3ww/iIt4vS3S+kTbCLBc8=
-228,-38,JxaDMFD+JaUi0XCBsrHGzHPlB+0=,em/pask2QksrXv7zovDkYzzzmas=
-230,-41,JxaDMFD+JaUi0XCBsrHGzHPlB+0=,oXZG2KqIoNz3ekJUdm1uPx0s05g=
-225,-42,JxaDMFD+JaUi0XCBsrHGzHPlB+0=,oXZG2KqIoNz3ekJUdm1uPx0s05g=
-226,-42,JxaDMFD+JaUi0XCBsrHGzHPlB+0=,oXZG2KqIoNz3ekJUdm1uPx0s05g=
-227,-42,JxaDMFD+JaUi0XCBsrHGzHPlB+0=,oXZG2KqIoNz3ekJUdm1uPx0s05g=
-229,-41,JxaDMFD+JaUi0XCBsrHGzHPlB+0=,oXZG2KqIoNz3ekJUdm1uPx0s05g=
-225,-41,JxaDMFD+JaUi0XCBsrHGzHPlB+0=,oXZG2KqIoNz3ekJUdm1uPx0s05g=
-233,-37,JxaDMFD+JaUi0XCBsrHGzHPlB+0=,d4ZtkL3ww/iIt4vS3S+kTbCLBc8=
-228,-41,JxaDMFD+JaUi0XCBsrHGzHPlB+0=,oXZG2KqIoNz3ekJUdm1uPx0s05g=
-237,-33,JxaDMFD+JaUi0XCBsrHGzHPlB+0=,d4ZtkL3ww/iIt4vS3S+kTbCLBc8=
-234,-37,JxaDMFD+JaUi0XCBsrHGzHPlB+0=,d4ZtkL3ww/iIt4vS3S+kTbCLBc8=
-238,-33,JxaDMFD+JaUi0XCBsrHGzHPlB+0=,d4ZtkL3ww/iIt4vS3S+kTbCLBc8=
-235,-37,JxaDMFD+JaUi0XCBsrHGzHPlB+0=,d4ZtkL3ww/iIt4vS3S+kTbCLBc8=
-227,-41,JxaDMFD+JaUi0XCBsrHGzHPlB+0=,oXZG2KqIoNz3ekJUdm1uPx0s05g=
-226,-41,JxaDMFD+JaUi0XCBsrHGzHPlB+0=,oXZG2KqIoNz3ekJUdm1uPx0s05g=
-232,-38,JxaDMFD+JaUi0XCBsrHGzHPlB+0=,em/pask2QksrXv7zovDkYzzzmas=
-225,-40,JxaDMFD+JaUi0XCBsrHGzHPlB+0=,em/pask2QksrXv7zovDkYzzzmas=
-226,-40,JxaDMFD+JaUi0XCBsrHGzHPlB+0=,em/pask2QksrXv7zovDkYzzzmas=
-227,-40,JxaDMFD+JaUi0XCBsrHGzHPlB+0=,em/pask2QksrXv7zovDkYzzzmas=
-227,-39,JxaDMFD+JaUi0XCBsrHGzHPlB+0=,em/pask2QksrXv7zovDkYzzzmas=
-232,-40,JxaDMFD+JaUi0XCBsrHGzHPlB+0=,em/pask2QksrXv7zovDkYzzzmas=
-228,-40,JxaDMFD+JaUi0XCBsrHGzHPlB+0=,em/pask2QksrXv7zovDkYzzzmas=
-229,-38,JxaDMFD+JaUi0XCBsrHGzHPlB+0=,em/pask2QksrXv7zovDkYzzzmas=
-228,-39,JxaDMFD+JaUi0XCBsrHGzHPlB+0=,em/pask2QksrXv7zovDkYzzzmas=
-232,-39,JxaDMFD+JaUi0XCBsrHGzHPlB+0=,em/pask2QksrXv7zovDkYzzzmas=
-231,-40,JxaDMFD+JaUi0XCBsrHGzHPlB+0=,em/pask2QksrXv7zovDkYzzzmas=
-231,-38,JxaDMFD+JaUi0XCBsrHGzHPlB+0=,em/pask2QksrXv7zovDkYzzzmas=
-229,-40,JxaDMFD+JaUi0XCBsrHGzHPlB+0=,em/pask2QksrXv7zovDkYzzzmas=
-230,-39,JxaDMFD+JaUi0XCBsrHGzHPlB+0=,em/pask2QksrXv7zovDkYzzzmas=
-231,-39,JxaDMFD+JaUi0XCBsrHGzHPlB+0=,em/pask2QksrXv7zovDkYzzzmas=
-235,-36,JxaDMFD+JaUi0XCBsrHGzHPlB+0=,d4ZtkL3ww/iIt4vS3S+kTbCLBc8=
-234,-36,JxaDMFD+JaUi0XCBsrHGzHPlB+0=,d4ZtkL3ww/iIt4vS3S+kTbCLBc8=
-233,-36,JxaDMFD+JaUi0XCBsrHGzHPlB+0=,d4ZtkL3ww/iIt4vS3S+kTbCLBc8=
-240,-35,JxaDMFD+JaUi0XCBsrHGzHPlB+0=,d4ZtkL3ww/iIt4vS3S+kTbCLBc8=
-239,-35,JxaDMFD+JaUi0XCBsrHGzHPlB+0=,d4ZtkL3ww/iIt4vS3S+kTbCLBc8=
-238,-35,JxaDMFD+JaUi0XCBsrHGzHPlB+0=,d4ZtkL3ww/iIt4vS3S+kTbCLBc8=
-237,-35,JxaDMFD+JaUi0XCBsrHGzHPlB+0=,d4ZtkL3ww/iIt4vS3S+kTbCLBc8=
-236,-35,JxaDMFD+JaUi0XCBsrHGzHPlB+0=,d4ZtkL3ww/iIt4vS3S+kTbCLBc8=
-232,-34,JxaDMFD+JaUi0XCBsrHGzHPlB+0=,em/pask2QksrXv7zovDkYzzzmas=
-235,-35,JxaDMFD+JaUi0XCBsrHGzHPlB+0=,d4ZtkL3ww/iIt4vS3S+kTbCLBc8=
-234,-35,JxaDMFD+JaUi0XCBsrHGzHPlB+0=,d4ZtkL3ww/iIt4vS3S+kTbCLBc8=
-232,-35,JxaDMFD+JaUi0XCBsrHGzHPlB+0=,em/pask2QksrXv7zovDkYzzzmas=
-232,-36,JxaDMFD+JaUi0XCBsrHGzHPlB+0=,em/pask2QksrXv7zovDkYzzzmas=
-233,-35,JxaDMFD+JaUi0XCBsrHGzHPlB+0=,d4ZtkL3ww/iIt4vS3S+kTbCLBc8=
-240,-34,JxaDMFD+JaUi0XCBsrHGzHPlB+0=,d4ZtkL3ww/iIt4vS3S+kTbCLBc8=
-239,-34,JxaDMFD+JaUi0XCBsrHGzHPlB+0=,d4ZtkL3ww/iIt4vS3S+kTbCLBc8=
-238,-34,JxaDMFD+JaUi0XCBsrHGzHPlB+0=,d4ZtkL3ww/iIt4vS3S+kTbCLBc8=
-239,-38,JxaDMFD+JaUi0XCBsrHGzHPlB+0=,d4ZtkL3ww/iIt4vS3S+kTbCLBc8=
-238,-38,JxaDMFD+JaUi0XCBsrHGzHPlB+0=,d4ZtkL3ww/iIt4vS3S+kTbCLBc8=
-237,-34,JxaDMFD+JaUi0XCBsrHGzHPlB+0=,d4ZtkL3ww/iIt4vS3S+kTbCLBc8=
-232,-41,JxaDMFD+JaUi0XCBsrHGzHPlB+0=,oXZG2KqIoNz3ekJUdm1uPx0s05g=
-236,-38,JxaDMFD+JaUi0XCBsrHGzHPlB+0=,d4ZtkL3ww/iIt4vS3S+kTbCLBc8=
-237,-38,JxaDMFD+JaUi0XCBsrHGzHPlB+0=,d4ZtkL3ww/iIt4vS3S+kTbCLBc8=
-235,-38,JxaDMFD+JaUi0XCBsrHGzHPlB+0=,d4ZtkL3ww/iIt4vS3S+kTbCLBc8=
-236,-34,JxaDMFD+JaUi0XCBsrHGzHPlB+0=,d4ZtkL3ww/iIt4vS3S+kTbCLBc8=
-234,-38,JxaDMFD+JaUi0XCBsrHGzHPlB+0=,d4ZtkL3ww/iIt4vS3S+kTbCLBc8=
-235,-34,JxaDMFD+JaUi0XCBsrHGzHPlB+0=,d4ZtkL3ww/iIt4vS3S+kTbCLBc8=
-240,-37,JxaDMFD+JaUi0XCBsrHGzHPlB+0=,d4ZtkL3ww/iIt4vS3S+kTbCLBc8=
-234,-34,JxaDMFD+JaUi0XCBsrHGzHPlB+0=,d4ZtkL3ww/iIt4vS3S+kTbCLBc8=
-233,-34,JxaDMFD+JaUi0XCBsrHGzHPlB+0=,d4ZtkL3ww/iIt4vS3S+kTbCLBc8=
-240,-33,JxaDMFD+JaUi0XCBsrHGzHPlB+0=,d4ZtkL3ww/iIt4vS3S+kTbCLBc8=
-239,-37,JxaDMFD+JaUi0XCBsrHGzHPlB+0=,d4ZtkL3ww/iIt4vS3S+kTbCLBc8=
-239,-33,JxaDMFD+JaUi0XCBsrHGzHPlB+0=,d4ZtkL3ww/iIt4vS3S+kTbCLBc8=
-238,-37,JxaDMFD+JaUi0XCBsrHGzHPlB+0=,d4ZtkL3ww/iIt4vS3S+kTbCLBc8=
-237,-37,JxaDMFD+JaUi0XCBsrHGzHPlB+0=,d4ZtkL3ww/iIt4vS3S+kTbCLBc8=
-229,-39,JxaDMFD+JaUi0XCBsrHGzHPlB+0=,em/pask2QksrXv7zovDkYzzzmas=
-236,-37,JxaDMFD+JaUi0XCBsrHGzHPlB+0=,d4ZtkL3ww/iIt4vS3S+kTbCLBc8=
-235,-41,JxaDMFD+JaUi0XCBsrHGzHPlB+0=,S0Tc9DYfEbWHTLt1kpiL/ag6xBE=
-233,-38,JxaDMFD+JaUi0XCBsrHGzHPlB+0=,d4ZtkL3ww/iIt4vS3S+kTbCLBc8=
-240,-38,JxaDMFD+JaUi0XCBsrHGzHPlB+0=,d4ZtkL3ww/iIt4vS3S+kTbCLBc8=
-240,-40,JxaDMFD+JaUi0XCBsrHGzHPlB+0=,d4ZtkL3ww/iIt4vS3S+kTbCLBc8=
-230,-40,JxaDMFD+JaUi0XCBsrHGzHPlB+0=,em/pask2QksrXv7zovDkYzzzmas=
-239,-40,JxaDMFD+JaUi0XCBsrHGzHPlB+0=,d4ZtkL3ww/iIt4vS3S+kTbCLBc8=
-238,-40,JxaDMFD+JaUi0XCBsrHGzHPlB+0=,d4ZtkL3ww/iIt4vS3S+kTbCLBc8=
-237,-40,JxaDMFD+JaUi0XCBsrHGzHPlB+0=,d4ZtkL3ww/iIt4vS3S+kTbCLBc8=
-236,-40,JxaDMFD+JaUi0XCBsrHGzHPlB+0=,d4ZtkL3ww/iIt4vS3S+kTbCLBc8=
-233,-39,JxaDMFD+JaUi0XCBsrHGzHPlB+0=,d4ZtkL3ww/iIt4vS3S+kTbCLBc8=
-235,-40,JxaDMFD+JaUi0XCBsrHGzHPlB+0=,d4ZtkL3ww/iIt4vS3S+kTbCLBc8=
-234,-40,JxaDMFD+JaUi0XCBsrHGzHPlB+0=,d4ZtkL3ww/iIt4vS3S+kTbCLBc8=
-233,-40,JxaDMFD+JaUi0XCBsrHGzHPlB+0=,d4ZtkL3ww/iIt4vS3S+kTbCLBc8=
-234,-39,JxaDMFD+JaUi0XCBsrHGzHPlB+0=,d4ZtkL3ww/iIt4vS3S+kTbCLBc8=
-240,-39,JxaDMFD+JaUi0XCBsrHGzHPlB+0=,d4ZtkL3ww/iIt4vS3S+kTbCLBc8=
-239,-39,JxaDMFD+JaUi0XCBsrHGzHPlB+0=,d4ZtkL3ww/iIt4vS3S+kTbCLBc8=
-235,-39,JxaDMFD+JaUi0XCBsrHGzHPlB+0=,d4ZtkL3ww/iIt4vS3S+kTbCLBc8=
-237,-39,JxaDMFD+JaUi0XCBsrHGzHPlB+0=,d4ZtkL3ww/iIt4vS3S+kTbCLBc8=
-238,-39,JxaDMFD+JaUi0XCBsrHGzHPlB+0=,d4ZtkL3ww/iIt4vS3S+kTbCLBc8=
-236,-39,JxaDMFD+JaUi0XCBsrHGzHPlB+0=,d4ZtkL3ww/iIt4vS3S+kTbCLBc8=
-256,-38,5DrGj+RrvJu+T0A818BeHcF1Vnc=,LpjjYHHrLQHbBoHr7FEsQBYT7WA=
-250,-39,5DrGj+RrvJu+T0A818BeHcF1Vnc=,LpjjYHHrLQHbBoHr7FEsQBYT7WA=
-251,-39,5DrGj+RrvJu+T0A818BeHcF1Vnc=,LpjjYHHrLQHbBoHr7FEsQBYT7WA=
-252,-39,5DrGj+RrvJu+T0A818BeHcF1Vnc=,LpjjYHHrLQHbBoHr7FEsQBYT7WA=
-253,-39,5DrGj+RrvJu+T0A818BeHcF1Vnc=,LpjjYHHrLQHbBoHr7FEsQBYT7WA=
-250,-34,5DrGj+RrvJu+T0A818BeHcF1Vnc=,LpjjYHHrLQHbBoHr7FEsQBYT7WA=
-251,-34,5DrGj+RrvJu+T0A818BeHcF1Vnc=,LpjjYHHrLQHbBoHr7FEsQBYT7WA=
-252,-34,5DrGj+RrvJu+T0A818BeHcF1Vnc=,LpjjYHHrLQHbBoHr7FEsQBYT7WA=
-253,-34,5DrGj+RrvJu+T0A818BeHcF1Vnc=,LpjjYHHrLQHbBoHr7FEsQBYT7WA=
-254,-34,5DrGj+RrvJu+T0A818BeHcF1Vnc=,LpjjYHHrLQHbBoHr7FEsQBYT7WA=
-254,-39,5DrGj+RrvJu+T0A818BeHcF1Vnc=,LpjjYHHrLQHbBoHr7FEsQBYT7WA=
-255,-34,5DrGj+RrvJu+T0A818BeHcF1Vnc=,LpjjYHHrLQHbBoHr7FEsQBYT7WA=
-255,-39,5DrGj+RrvJu+T0A818BeHcF1Vnc=,LpjjYHHrLQHbBoHr7FEsQBYT7WA=
-256,-39,5DrGj+RrvJu+T0A818BeHcF1Vnc=,LpjjYHHrLQHbBoHr7FEsQBYT7WA=
-256,-34,5DrGj+RrvJu+T0A818BeHcF1Vnc=,LpjjYHHrLQHbBoHr7FEsQBYT7WA=
-250,-35,WJl4bL083/LplQtwyiwy4S052OA=,LpjjYHHrLQHbBoHr7FEsQBYT7WA=
-251,-35,WJl4bL083/LplQtwyiwy4S052OA=,LpjjYHHrLQHbBoHr7FEsQBYT7WA=
-252,-35,WJl4bL083/LplQtwyiwy4S052OA=,LpjjYHHrLQHbBoHr7FEsQBYT7WA=
-253,-35,WJl4bL083/LplQtwyiwy4S052OA=,LpjjYHHrLQHbBoHr7FEsQBYT7WA=
-250,-40,WJl4bL083/LplQtwyiwy4S052OA=,LpjjYHHrLQHbBoHr7FEsQBYT7WA=
-251,-40,WJl4bL083/LplQtwyiwy4S052OA=,LpjjYHHrLQHbBoHr7FEsQBYT7WA=
-254,-35,WJl4bL083/LplQtwyiwy4S052OA=,LpjjYHHrLQHbBoHr7FEsQBYT7WA=
-255,-35,WJl4bL083/LplQtwyiwy4S052OA=,LpjjYHHrLQHbBoHr7FEsQBYT7WA=
-256,-35,WJl4bL083/LplQtwyiwy4S052OA=,LpjjYHHrLQHbBoHr7FEsQBYT7WA=
-250,-36,WJl4bL083/LplQtwyiwy4S052OA=,LpjjYHHrLQHbBoHr7FEsQBYT7WA=
-251,-36,WJl4bL083/LplQtwyiwy4S052OA=,LpjjYHHrLQHbBoHr7FEsQBYT7WA=
-252,-40,WJl4bL083/LplQtwyiwy4S052OA=,LpjjYHHrLQHbBoHr7FEsQBYT7WA=
-252,-36,WJl4bL083/LplQtwyiwy4S052OA=,LpjjYHHrLQHbBoHr7FEsQBYT7WA=
-253,-36,WJl4bL083/LplQtwyiwy4S052OA=,LpjjYHHrLQHbBoHr7FEsQBYT7WA=
-254,-36,WJl4bL083/LplQtwyiwy4S052OA=,LpjjYHHrLQHbBoHr7FEsQBYT7WA=
-255,-36,WJl4bL083/LplQtwyiwy4S052OA=,LpjjYHHrLQHbBoHr7FEsQBYT7WA=
-253,-40,WJl4bL083/LplQtwyiwy4S052OA=,LpjjYHHrLQHbBoHr7FEsQBYT7WA=
-256,-36,WJl4bL083/LplQtwyiwy4S052OA=,LpjjYHHrLQHbBoHr7FEsQBYT7WA=
-250,-37,WJl4bL083/LplQtwyiwy4S052OA=,LpjjYHHrLQHbBoHr7FEsQBYT7WA=
-252,-37,WJl4bL083/LplQtwyiwy4S052OA=,LpjjYHHrLQHbBoHr7FEsQBYT7WA=
-253,-37,WJl4bL083/LplQtwyiwy4S052OA=,LpjjYHHrLQHbBoHr7FEsQBYT7WA=
-251,-37,WJl4bL083/LplQtwyiwy4S052OA=,LpjjYHHrLQHbBoHr7FEsQBYT7WA=
-254,-37,WJl4bL083/LplQtwyiwy4S052OA=,LpjjYHHrLQHbBoHr7FEsQBYT7WA=
-255,-37,WJl4bL083/LplQtwyiwy4S052OA=,LpjjYHHrLQHbBoHr7FEsQBYT7WA=
-254,-40,WJl4bL083/LplQtwyiwy4S052OA=,LpjjYHHrLQHbBoHr7FEsQBYT7WA=
-255,-40,WJl4bL083/LplQtwyiwy4S052OA=,LpjjYHHrLQHbBoHr7FEsQBYT7WA=
-256,-37,WJl4bL083/LplQtwyiwy4S052OA=,LpjjYHHrLQHbBoHr7FEsQBYT7WA=
-250,-38,WJl4bL083/LplQtwyiwy4S052OA=,LpjjYHHrLQHbBoHr7FEsQBYT7WA=
-251,-38,WJl4bL083/LplQtwyiwy4S052OA=,LpjjYHHrLQHbBoHr7FEsQBYT7WA=
-252,-38,WJl4bL083/LplQtwyiwy4S052OA=,LpjjYHHrLQHbBoHr7FEsQBYT7WA=
-253,-38,WJl4bL083/LplQtwyiwy4S052OA=,LpjjYHHrLQHbBoHr7FEsQBYT7WA=
-254,-38,WJl4bL083/LplQtwyiwy4S052OA=,LpjjYHHrLQHbBoHr7FEsQBYT7WA=
-255,-38,WJl4bL083/LplQtwyiwy4S052OA=,LpjjYHHrLQHbBoHr7FEsQBYT7WA=
-256,-40,WJl4bL083/LplQtwyiwy4S052OA=,LpjjYHHrLQHbBoHr7FEsQBYT7WA=
-256,-33,WJl4bL083/LplQtwyiwy4S052OA=,LpjjYHHrLQHbBoHr7FEsQBYT7WA=
-255,-33,WJl4bL083/LplQtwyiwy4S052OA=,LpjjYHHrLQHbBoHr7FEsQBYT7WA=
-254,-33,WJl4bL083/LplQtwyiwy4S052OA=,LpjjYHHrLQHbBoHr7FEsQBYT7WA=
-253,-33,WJl4bL083/LplQtwyiwy4S052OA=,LpjjYHHrLQHbBoHr7FEsQBYT7WA=
-243,-33,WJl4bL083/LplQtwyiwy4S052OA=,EQ+27/SLOMPlh8+7JLBHS1wno4Y=
-242,-33,WJl4bL083/LplQtwyiwy4S052OA=,EQ+27/SLOMPlh8+7JLBHS1wno4Y=
-244,-33,WJl4bL083/LplQtwyiwy4S052OA=,EQ+27/SLOMPlh8+7JLBHS1wno4Y=
-242,-34,WJl4bL083/LplQtwyiwy4S052OA=,EQ+27/SLOMPlh8+7JLBHS1wno4Y=
-249,-39,WJl4bL083/LplQtwyiwy4S052OA=,LpjjYHHrLQHbBoHr7FEsQBYT7WA=
-241,-33,WJl4bL083/LplQtwyiwy4S052OA=,EQ+27/SLOMPlh8+7JLBHS1wno4Y=
-245,-33,WJl4bL083/LplQtwyiwy4S052OA=,EQ+27/SLOMPlh8+7JLBHS1wno4Y=
-243,-34,WJl4bL083/LplQtwyiwy4S052OA=,EQ+27/SLOMPlh8+7JLBHS1wno4Y=
-247,-37,WJl4bL083/LplQtwyiwy4S052OA=,EQ+27/SLOMPlh8+7JLBHS1wno4Y=
-247,-38,WJl4bL083/LplQtwyiwy4S052OA=,EQ+27/SLOMPlh8+7JLBHS1wno4Y=
-249,-34,WJl4bL083/LplQtwyiwy4S052OA=,LpjjYHHrLQHbBoHr7FEsQBYT7WA=
-243,-35,WJl4bL083/LplQtwyiwy4S052OA=,EQ+27/SLOMPlh8+7JLBHS1wno4Y=
-244,-34,WJl4bL083/LplQtwyiwy4S052OA=,EQ+27/SLOMPlh8+7JLBHS1wno4Y=
-248,-35,WJl4bL083/LplQtwyiwy4S052OA=,EQ+27/SLOMPlh8+7JLBHS1wno4Y=
-241,-36,WJl4bL083/LplQtwyiwy4S052OA=,EQ+27/SLOMPlh8+7JLBHS1wno4Y=
-248,-37,WJl4bL083/LplQtwyiwy4S052OA=,EQ+27/SLOMPlh8+7JLBHS1wno4Y=
-249,-40,WJl4bL083/LplQtwyiwy4S052OA=,LpjjYHHrLQHbBoHr7FEsQBYT7WA=
-242,-36,WJl4bL083/LplQtwyiwy4S052OA=,EQ+27/SLOMPlh8+7JLBHS1wno4Y=
-249,-35,WJl4bL083/LplQtwyiwy4S052OA=,LpjjYHHrLQHbBoHr7FEsQBYT7WA=
-247,-36,WJl4bL083/LplQtwyiwy4S052OA=,EQ+27/SLOMPlh8+7JLBHS1wno4Y=
-248,-36,WJl4bL083/LplQtwyiwy4S052OA=,EQ+27/SLOMPlh8+7JLBHS1wno4Y=
-249,-36,WJl4bL083/LplQtwyiwy4S052OA=,LpjjYHHrLQHbBoHr7FEsQBYT7WA=
-241,-37,WJl4bL083/LplQtwyiwy4S052OA=,EQ+27/SLOMPlh8+7JLBHS1wno4Y=
-249,-37,WJl4bL083/LplQtwyiwy4S052OA=,LpjjYHHrLQHbBoHr7FEsQBYT7WA=
-249,-38,WJl4bL083/LplQtwyiwy4S052OA=,LpjjYHHrLQHbBoHr7FEsQBYT7WA=
-245,-39,WJl4bL083/LplQtwyiwy4S052OA=,EQ+27/SLOMPlh8+7JLBHS1wno4Y=
-246,-39,WJl4bL083/LplQtwyiwy4S052OA=,EQ+27/SLOMPlh8+7JLBHS1wno4Y=
-247,-39,WJl4bL083/LplQtwyiwy4S052OA=,EQ+27/SLOMPlh8+7JLBHS1wno4Y=
-248,-39,WJl4bL083/LplQtwyiwy4S052OA=,EQ+27/SLOMPlh8+7JLBHS1wno4Y=
-242,-40,WJl4bL083/LplQtwyiwy4S052OA=,EQ+27/SLOMPlh8+7JLBHS1wno4Y=
-243,-40,WJl4bL083/LplQtwyiwy4S052OA=,EQ+27/SLOMPlh8+7JLBHS1wno4Y=
-244,-40,WJl4bL083/LplQtwyiwy4S052OA=,EQ+27/SLOMPlh8+7JLBHS1wno4Y=
-245,-40,WJl4bL083/LplQtwyiwy4S052OA=,EQ+27/SLOMPlh8+7JLBHS1wno4Y=
-241,-35,WJl4bL083/LplQtwyiwy4S052OA=,EQ+27/SLOMPlh8+7JLBHS1wno4Y=
-247,-40,WJl4bL083/LplQtwyiwy4S052OA=,EQ+27/SLOMPlh8+7JLBHS1wno4Y=
-243,-39,WJl4bL083/LplQtwyiwy4S052OA=,EQ+27/SLOMPlh8+7JLBHS1wno4Y=
-246,-33,WJl4bL083/LplQtwyiwy4S052OA=,EQ+27/SLOMPlh8+7JLBHS1wno4Y=
-245,-38,WJl4bL083/LplQtwyiwy4S052OA=,EQ+27/SLOMPlh8+7JLBHS1wno4Y=
-246,-38,WJl4bL083/LplQtwyiwy4S052OA=,EQ+27/SLOMPlh8+7JLBHS1wno4Y=
-248,-38,WJl4bL083/LplQtwyiwy4S052OA=,EQ+27/SLOMPlh8+7JLBHS1wno4Y=
-246,-40,WJl4bL083/LplQtwyiwy4S052OA=,EQ+27/SLOMPlh8+7JLBHS1wno4Y=
-248,-40,WJl4bL083/LplQtwyiwy4S052OA=,EQ+27/SLOMPlh8+7JLBHS1wno4Y=
-242,-35,WJl4bL083/LplQtwyiwy4S052OA=,EQ+27/SLOMPlh8+7JLBHS1wno4Y=
-244,-39,WJl4bL083/LplQtwyiwy4S052OA=,EQ+27/SLOMPlh8+7JLBHS1wno4Y=
-241,-34,WJl4bL083/LplQtwyiwy4S052OA=,EQ+27/SLOMPlh8+7JLBHS1wno4Y=
-246,-37,WJl4bL083/LplQtwyiwy4S052OA=,EQ+27/SLOMPlh8+7JLBHS1wno4Y=
-252,-33,WJl4bL083/LplQtwyiwy4S052OA=,LpjjYHHrLQHbBoHr7FEsQBYT7WA=
-250,-33,WJl4bL083/LplQtwyiwy4S052OA=,LpjjYHHrLQHbBoHr7FEsQBYT7WA=
-245,-34,WJl4bL083/LplQtwyiwy4S052OA=,EQ+27/SLOMPlh8+7JLBHS1wno4Y=
-251,-33,WJl4bL083/LplQtwyiwy4S052OA=,LpjjYHHrLQHbBoHr7FEsQBYT7WA=
-241,-38,WJl4bL083/LplQtwyiwy4S052OA=,EQ+27/SLOMPlh8+7JLBHS1wno4Y=
-246,-36,WJl4bL083/LplQtwyiwy4S052OA=,EQ+27/SLOMPlh8+7JLBHS1wno4Y=
-244,-38,WJl4bL083/LplQtwyiwy4S052OA=,EQ+27/SLOMPlh8+7JLBHS1wno4Y=
-249,-33,WJl4bL083/LplQtwyiwy4S052OA=,LpjjYHHrLQHbBoHr7FEsQBYT7WA=
-243,-38,WJl4bL083/LplQtwyiwy4S052OA=,EQ+27/SLOMPlh8+7JLBHS1wno4Y=
-243,-36,WJl4bL083/LplQtwyiwy4S052OA=,EQ+27/SLOMPlh8+7JLBHS1wno4Y=
-244,-35,WJl4bL083/LplQtwyiwy4S052OA=,EQ+27/SLOMPlh8+7JLBHS1wno4Y=
-246,-34,WJl4bL083/LplQtwyiwy4S052OA=,EQ+27/SLOMPlh8+7JLBHS1wno4Y=
-247,-35,WJl4bL083/LplQtwyiwy4S052OA=,EQ+27/SLOMPlh8+7JLBHS1wno4Y=
-248,-33,WJl4bL083/LplQtwyiwy4S052OA=,EQ+27/SLOMPlh8+7JLBHS1wno4Y=
-245,-37,WJl4bL083/LplQtwyiwy4S052OA=,EQ+27/SLOMPlh8+7JLBHS1wno4Y=
-245,-36,WJl4bL083/LplQtwyiwy4S052OA=,EQ+27/SLOMPlh8+7JLBHS1wno4Y=
-242,-37,WJl4bL083/LplQtwyiwy4S052OA=,EQ+27/SLOMPlh8+7JLBHS1wno4Y=
-241,-40,WJl4bL083/LplQtwyiwy4S052OA=,EQ+27/SLOMPlh8+7JLBHS1wno4Y=
-242,-39,WJl4bL083/LplQtwyiwy4S052OA=,EQ+27/SLOMPlh8+7JLBHS1wno4Y=
-248,-34,WJl4bL083/LplQtwyiwy4S052OA=,EQ+27/SLOMPlh8+7JLBHS1wno4Y=
-247,-34,WJl4bL083/LplQtwyiwy4S052OA=,EQ+27/SLOMPlh8+7JLBHS1wno4Y=
-246,-35,WJl4bL083/LplQtwyiwy4S052OA=,EQ+27/SLOMPlh8+7JLBHS1wno4Y=
-244,-37,WJl4bL083/LplQtwyiwy4S052OA=,EQ+27/SLOMPlh8+7JLBHS1wno4Y=
-242,-38,WJl4bL083/LplQtwyiwy4S052OA=,EQ+27/SLOMPlh8+7JLBHS1wno4Y=
-244,-36,WJl4bL083/LplQtwyiwy4S052OA=,EQ+27/SLOMPlh8+7JLBHS1wno4Y=
-241,-39,WJl4bL083/LplQtwyiwy4S052OA=,EQ+27/SLOMPlh8+7JLBHS1wno4Y=
-245,-35,WJl4bL083/LplQtwyiwy4S052OA=,EQ+27/SLOMPlh8+7JLBHS1wno4Y=
-243,-37,WJl4bL083/LplQtwyiwy4S052OA=,EQ+27/SLOMPlh8+7JLBHS1wno4Y=
-247,-33,WJl4bL083/LplQtwyiwy4S052OA=,EQ+27/SLOMPlh8+7JLBHS1wno4Y=
