224,318,naqFom24LrYmKKiPCE68ySC2wb8=,o5J2fVvsguIGEGQuvLHErHPQVyc=
229,317,naqFom24LrYmKKiPCE68ySC2wb8=,o5J2fVvsguIGEGQuvLHErHPQVyc=
230,317,naqFom24LrYmKKiPCE68ySC2wb8=,o5J2fVvsguIGEGQuvLHErHPQVyc=
228,317,naqFom24LrYmKKiPCE68ySC2wb8=,o5J2fVvsguIGEGQuvLHErHPQVyc=
227,317,naqFom24LrYmKKiPCE68ySC2wb8=,o5J2fVvsguIGEGQuvLHErHPQVyc=
226,317,naqFom24LrYmKKiPCE68ySC2wb8=,o5J2fVvsguIGEGQuvLHErHPQVyc=
225,317,naqFom24LrYmKKiPCE68ySC2wb8=,o5J2fVvsguIGEGQuvLHErHPQVyc=
224,317,naqFom24LrYmKKiPCE68ySC2wb8=,o5J2fVvsguIGEGQuvLHErHPQVyc=
230,316,naqFom24LrYmKKiPCE68ySC2wb8=,o5J2fVvsguIGEGQuvLHErHPQVyc=
229,316,naqFom24LrYmKKiPCE68ySC2wb8=,o5J2fVvsguIGEGQuvLHErHPQVyc=
228,316,naqFom24LrYmKKiPCE68ySC2wb8=,o5J2fVvsguIGEGQuvLHErHPQVyc=
227,316,naqFom24LrYmKKiPCE68ySC2wb8=,o5J2fVvsguIGEGQuvLHErHPQVyc=
226,316,naqFom24LrYmKKiPCE68ySC2wb8=,o5J2fVvsguIGEGQuvLHErHPQVyc=
224,316,naqFom24LrYmKKiPCE68ySC2wb8=,o5J2fVvsguIGEGQuvLHErHPQVyc=
225,316,naqFom24LrYmKKiPCE68ySC2wb8=,o5J2fVvsguIGEGQuvLHErHPQVyc=
230,315,naqFom24LrYmKKiPCE68ySC2wb8=,o5J2fVvsguIGEGQuvLHErHPQVyc=
229,315,naqFom24LrYmKKiPCE68ySC2wb8=,o5J2fVvsguIGEGQuvLHErHPQVyc=
228,315,naqFom24LrYmKKiPCE68ySC2wb8=,o5J2fVvsguIGEGQuvLHErHPQVyc=
227,315,naqFom24LrYmKKiPCE68ySC2wb8=,o5J2fVvsguIGEGQuvLHErHPQVyc=
225,315,naqFom24LrYmKKiPCE68ySC2wb8=,o5J2fVvsguIGEGQuvLHErHPQVyc=
226,315,naqFom24LrYmKKiPCE68ySC2wb8=,o5J2fVvsguIGEGQuvLHErHPQVyc=
224,315,naqFom24LrYmKKiPCE68ySC2wb8=,o5J2fVvsguIGEGQuvLHErHPQVyc=
230,314,naqFom24LrYmKKiPCE68ySC2wb8=,o5J2fVvsguIGEGQuvLHErHPQVyc=
229,314,naqFom24LrYmKKiPCE68ySC2wb8=,o5J2fVvsguIGEGQuvLHErHPQVyc=
228,314,naqFom24LrYmKKiPCE68ySC2wb8=,o5J2fVvsguIGEGQuvLHErHPQVyc=
227,314,naqFom24LrYmKKiPCE68ySC2wb8=,o5J2fVvsguIGEGQuvLHErHPQVyc=
226,314,naqFom24LrYmKKiPCE68ySC2wb8=,o5J2fVvsguIGEGQuvLHErHPQVyc=
225,314,naqFom24LrYmKKiPCE68ySC2wb8=,o5J2fVvsguIGEGQuvLHErHPQVyc=
224,314,naqFom24LrYmKKiPCE68ySC2wb8=,o5J2fVvsguIGEGQuvLHErHPQVyc=
230,313,naqFom24LrYmKKiPCE68ySC2wb8=,o5J2fVvsguIGEGQuvLHErHPQVyc=
229,313,naqFom24LrYmKKiPCE68ySC2wb8=,o5J2fVvsguIGEGQuvLHErHPQVyc=
228,313,naqFom24LrYmKKiPCE68ySC2wb8=,o5J2fVvsguIGEGQuvLHErHPQVyc=
226,313,naqFom24LrYmKKiPCE68ySC2wb8=,o5J2fVvsguIGEGQuvLHErHPQVyc=
227,313,naqFom24LrYmKKiPCE68ySC2wb8=,o5J2fVvsguIGEGQuvLHErHPQVyc=
225,313,naqFom24LrYmKKiPCE68ySC2wb8=,o5J2fVvsguIGEGQuvLHErHPQVyc=
224,313,naqFom24LrYmKKiPCE68ySC2wb8=,o5J2fVvsguIGEGQuvLHErHPQVyc=
230,312,naqFom24LrYmKKiPCE68ySC2wb8=,o5J2fVvsguIGEGQuvLHErHPQVyc=
229,312,naqFom24LrYmKKiPCE68ySC2wb8=,o5J2fVvsguIGEGQuvLHErHPQVyc=
228,312,naqFom24LrYmKKiPCE68ySC2wb8=,o5J2fVvsguIGEGQuvLHErHPQVyc=
227,312,naqFom24LrYmKKiPCE68ySC2wb8=,o5J2fVvsguIGEGQuvLHErHPQVyc=
226,312,naqFom24LrYmKKiPCE68ySC2wb8=,o5J2fVvsguIGEGQuvLHErHPQVyc=
230,318,naqFom24LrYmKKiPCE68ySC2wb8=,o5J2fVvsguIGEGQuvLHErHPQVyc=
225,312,naqFom24LrYmKKiPCE68ySC2wb8=,o5J2fVvsguIGEGQuvLHErHPQVyc=
229,318,naqFom24LrYmKKiPCE68ySC2wb8=,o5J2fVvsguIGEGQuvLHErHPQVyc=
228,318,naqFom24LrYmKKiPCE68ySC2wb8=,o5J2fVvsguIGEGQuvLHErHPQVyc=
227,318,naqFom24LrYmKKiPCE68ySC2wb8=,o5J2fVvsguIGEGQuvLHErHPQVyc=
226,318,naqFom24LrYmKKiPCE68ySC2wb8=,o5J2fVvsguIGEGQuvLHErHPQVyc=
225,318,naqFom24LrYmKKiPCE68ySC2wb8=,o5J2fVvsguIGEGQuvLHErHPQVyc=
224,312,naqFom24LrYmKKiPCE68ySC2wb8=,o5J2fVvsguIGEGQuvLHErHPQVyc=
232,314,naqFom24LrYmKKiPCE68ySC2wb8=,gIIos8EkUsWFkxMvy7cQMrKL1T0=
234,317,naqFom24LrYmKKiPCE68ySC2wb8=,gIIos8EkUsWFkxMvy7cQMrKL1T0=
236,319,naqFom24LrYmKKiPCE68ySC2wb8=,gIIos8EkUsWFkxMvy7cQMrKL1T0=
237,319,naqFom24LrYmKKiPCE68ySC2wb8=,gIIos8EkUsWFkxMvy7cQMrKL1T0=
234,316,naqFom24LrYmKKiPCE68ySC2wb8=,gIIos8EkUsWFkxMvy7cQMrKL1T0=
238,319,naqFom24LrYmKKiPCE68ySC2wb8=,gIIos8EkUsWFkxMvy7cQMrKL1T0=
239,319,naqFom24LrYmKKiPCE68ySC2wb8=,gIIos8EkUsWFkxMvy7cQMrKL1T0=
234,312,naqFom24LrYmKKiPCE68ySC2wb8=,gIIos8EkUsWFkxMvy7cQMrKL1T0=
236,318,naqFom24LrYmKKiPCE68ySC2wb8=,gIIos8EkUsWFkxMvy7cQMrKL1T0=
236,313,naqFom24LrYmKKiPCE68ySC2wb8=,gIIos8EkUsWFkxMvy7cQMrKL1T0=
235,317,naqFom24LrYmKKiPCE68ySC2wb8=,gIIos8EkUsWFkxMvy7cQMrKL1T0=
236,317,naqFom24LrYmKKiPCE68ySC2wb8=,gIIos8EkUsWFkxMvy7cQMrKL1T0=
237,318,naqFom24LrYmKKiPCE68ySC2wb8=,gIIos8EkUsWFkxMvy7cQMrKL1T0=
238,318,naqFom24LrYmKKiPCE68ySC2wb8=,gIIos8EkUsWFkxMvy7cQMrKL1T0=
237,317,naqFom24LrYmKKiPCE68ySC2wb8=,gIIos8EkUsWFkxMvy7cQMrKL1T0=
233,314,naqFom24LrYmKKiPCE68ySC2wb8=,gIIos8EkUsWFkxMvy7cQMrKL1T0=
239,318,naqFom24LrYmKKiPCE68ySC2wb8=,gIIos8EkUsWFkxMvy7cQMrKL1T0=
232,312,naqFom24LrYmKKiPCE68ySC2wb8=,gIIos8EkUsWFkxMvy7cQMrKL1T0=
238,317,naqFom24LrYmKKiPCE68ySC2wb8=,gIIos8EkUsWFkxMvy7cQMrKL1T0=
231,312,naqFom24LrYmKKiPCE68ySC2wb8=,o5J2fVvsguIGEGQuvLHErHPQVyc=
236,312,naqFom24LrYmKKiPCE68ySC2wb8=,gIIos8EkUsWFkxMvy7cQMrKL1T0=
233,312,naqFom24LrYmKKiPCE68ySC2wb8=,gIIos8EkUsWFkxMvy7cQMrKL1T0=
237,312,naqFom24LrYmKKiPCE68ySC2wb8=,gIIos8EkUsWFkxMvy7cQMrKL1T0=
238,312,naqFom24LrYmKKiPCE68ySC2wb8=,gIIos8EkUsWFkxMvy7cQMrKL1T0=
234,314,naqFom24LrYmKKiPCE68ySC2wb8=,gIIos8EkUsWFkxMvy7cQMrKL1T0=
231,313,naqFom24LrYmKKiPCE68ySC2wb8=,o5J2fVvsguIGEGQuvLHErHPQVyc=
239,312,naqFom24LrYmKKiPCE68ySC2wb8=,gIIos8EkUsWFkxMvy7cQMrKL1T0=
232,315,naqFom24LrYmKKiPCE68ySC2wb8=,gIIos8EkUsWFkxMvy7cQMrKL1T0=
233,315,naqFom24LrYmKKiPCE68ySC2wb8=,gIIos8EkUsWFkxMvy7cQMrKL1T0=
235,316,naqFom24LrYmKKiPCE68ySC2wb8=,gIIos8EkUsWFkxMvy7cQMrKL1T0=
236,316,naqFom24LrYmKKiPCE68ySC2wb8=,gIIos8EkUsWFkxMvy7cQMrKL1T0=
235,312,naqFom24LrYmKKiPCE68ySC2wb8=,gIIos8EkUsWFkxMvy7cQMrKL1T0=
237,313,naqFom24LrYmKKiPCE68ySC2wb8=,gIIos8EkUsWFkxMvy7cQMrKL1T0=
235,314,naqFom24LrYmKKiPCE68ySC2wb8=,gIIos8EkUsWFkxMvy7cQMrKL1T0=
237,316,naqFom24LrYmKKiPCE68ySC2wb8=,gIIos8EkUsWFkxMvy7cQMrKL1T0=
236,314,naqFom24LrYmKKiPCE68ySC2wb8=,gIIos8EkUsWFkxMvy7cQMrKL1T0=
239,317,naqFom24LrYmKKiPCE68ySC2wb8=,gIIos8EkUsWFkxMvy7cQMrKL1T0=
238,316,naqFom24LrYmKKiPCE68ySC2wb8=,gIIos8EkUsWFkxMvy7cQMrKL1T0=
237,314,naqFom24LrYmKKiPCE68ySC2wb8=,gIIos8EkUsWFkxMvy7cQMrKL1T0=
232,313,naqFom24LrYmKKiPCE68ySC2wb8=,gIIos8EkUsWFkxMvy7cQMrKL1T0=
238,313,naqFom24LrYmKKiPCE68ySC2wb8=,gIIos8EkUsWFkxMvy7cQMrKL1T0=
233,313,naqFom24LrYmKKiPCE68ySC2wb8=,gIIos8EkUsWFkxMvy7cQMrKL1T0=
234,315,naqFom24LrYmKKiPCE68ySC2wb8=,gIIos8EkUsWFkxMvy7cQMrKL1T0=
238,314,naqFom24LrYmKKiPCE68ySC2wb8=,gIIos8EkUsWFkxMvy7cQMrKL1T0=
239,316,naqFom24LrYmKKiPCE68ySC2wb8=,gIIos8EkUsWFkxMvy7cQMrKL1T0=
231,314,naqFom24LrYmKKiPCE68ySC2wb8=,o5J2fVvsguIGEGQuvLHErHPQVyc=
234,318,naqFom24LrYmKKiPCE68ySC2wb8=,gIIos8EkUsWFkxMvy7cQMrKL1T0=
239,314,naqFom24LrYmKKiPCE68ySC2wb8=,gIIos8EkUsWFkxMvy7cQMrKL1T0=
239,313,naqFom24LrYmKKiPCE68ySC2wb8=,gIIos8EkUsWFkxMvy7cQMrKL1T0=
234,313,naqFom24LrYmKKiPCE68ySC2wb8=,gIIos8EkUsWFkxMvy7cQMrKL1T0=
231,315,naqFom24LrYmKKiPCE68ySC2wb8=,o5J2fVvsguIGEGQuvLHErHPQVyc=
235,315,naqFom24LrYmKKiPCE68ySC2wb8=,gIIos8EkUsWFkxMvy7cQMrKL1T0=
235,313,naqFom24LrYmKKiPCE68ySC2wb8=,gIIos8EkUsWFkxMvy7cQMrKL1T0=
232,317,naqFom24LrYmKKiPCE68ySC2wb8=,gIIos8EkUsWFkxMvy7cQMrKL1T0=
236,315,naqFom24LrYmKKiPCE68ySC2wb8=,gIIos8EkUsWFkxMvy7cQMrKL1T0=
237,315,naqFom24LrYmKKiPCE68ySC2wb8=,gIIos8EkUsWFkxMvy7cQMrKL1T0=
238,315,naqFom24LrYmKKiPCE68ySC2wb8=,gIIos8EkUsWFkxMvy7cQMrKL1T0=
239,315,naqFom24LrYmKKiPCE68ySC2wb8=,gIIos8EkUsWFkxMvy7cQMrKL1T0=
232,316,naqFom24LrYmKKiPCE68ySC2wb8=,gIIos8EkUsWFkxMvy7cQMrKL1T0=
233,316,naqFom24LrYmKKiPCE68ySC2wb8=,gIIos8EkUsWFkxMvy7cQMrKL1T0=
231,316,naqFom24LrYmKKiPCE68ySC2wb8=,o5J2fVvsguIGEGQuvLHErHPQVyc=
233,317,naqFom24LrYmKKiPCE68ySC2wb8=,gIIos8EkUsWFkxMvy7cQMrKL1T0=
235,318,naqFom24LrYmKKiPCE68ySC2wb8=,gIIos8EkUsWFkxMvy7cQMrKL1T0=
234,319,naqFom24LrYmKKiPCE68ySC2wb8=,gIIos8EkUsWFkxMvy7cQMrKL1T0=
235,319,naqFom24LrYmKKiPCE68ySC2wb8=,gIIos8EkUsWFkxMvy7cQMrKL1T0=
231,317,naqFom24LrYmKKiPCE68ySC2wb8=,o5J2fVvsguIGEGQuvLHErHPQVyc=
224,319,naqFom24LrYmKKiPCE68ySC2wb8=,o5J2fVvsguIGEGQuvLHErHPQVyc=
225,319,naqFom24LrYmKKiPCE68ySC2wb8=,o5J2fVvsguIGEGQuvLHErHPQVyc=
226,319,naqFom24LrYmKKiPCE68ySC2wb8=,o5J2fVvsguIGEGQuvLHErHPQVyc=
227,319,naqFom24LrYmKKiPCE68ySC2wb8=,o5J2fVvsguIGEGQuvLHErHPQVyc=
228,319,naqFom24LrYmKKiPCE68ySC2wb8=,o5J2fVvsguIGEGQuvLHErHPQVyc=
229,319,naqFom24LrYmKKiPCE68ySC2wb8=,o5J2fVvsguIGEGQuvLHErHPQVyc=
230,319,naqFom24LrYmKKiPCE68ySC2wb8=,o5J2fVvsguIGEGQuvLHErHPQVyc=
233,319,naqFom24LrYmKKiPCE68ySC2wb8=,gIIos8EkUsWFkxMvy7cQMrKL1T0=
231,318,naqFom24LrYmKKiPCE68ySC2wb8=,o5J2fVvsguIGEGQuvLHErHPQVyc=
232,318,naqFom24LrYmKKiPCE68ySC2wb8=,gIIos8EkUsWFkxMvy7cQMrKL1T0=
231,319,naqFom24LrYmKKiPCE68ySC2wb8=,o5J2fVvsguIGEGQuvLHErHPQVyc=
233,318,naqFom24LrYmKKiPCE68ySC2wb8=,gIIos8EkUsWFkxMvy7cQMrKL1T0=
232,319,naqFom24LrYmKKiPCE68ySC2wb8=,gIIos8EkUsWFkxMvy7cQMrKL1T0=
