49,-27,HHYvI0hliKrRv7E6qiO73ar54WA=,vt/imwdKXT5/Sjsl9urZYFtDTrY=
50,-25,HHYvI0hliKrRv7E6qiO73ar54WA=,vt/imwdKXT5/Sjsl9urZYFtDTrY=
49,-25,HHYvI0hliKrRv7E6qiO73ar54WA=,vt/imwdKXT5/Sjsl9urZYFtDTrY=
48,-26,HHYvI0hliKrRv7E6qiO73ar54WA=,vt/imwdKXT5/Sjsl9urZYFtDTrY=
50,-27,HHYvI0hliKrRv7E6qiO73ar54WA=,vt/imwdKXT5/Sjsl9urZYFtDTrY=
51,-27,HHYvI0hliKrRv7E6qiO73ar54WA=,vt/imwdKXT5/Sjsl9urZYFtDTrY=
48,-27,HHYvI0hliKrRv7E6qiO73ar54WA=,vt/imwdKXT5/Sjsl9urZYFtDTrY=
48,-25,HHYvI0hliKrRv7E6qiO73ar54WA=,vt/imwdKXT5/Sjsl9urZYFtDTrY=
51,-26,HHYvI0hliKrRv7E6qiO73ar54WA=,vt/imwdKXT5/Sjsl9urZYFtDTrY=
50,-26,HHYvI0hliKrRv7E6qiO73ar54WA=,vt/imwdKXT5/Sjsl9urZYFtDTrY=
51,-25,HHYvI0hliKrRv7E6qiO73ar54WA=,vt/imwdKXT5/Sjsl9urZYFtDTrY=
49,-26,HHYvI0hliKrRv7E6qiO73ar54WA=,vt/imwdKXT5/Sjsl9urZYFtDTrY=
50,-32,HHYvI0hliKrRv7E6qiO73ar54WA=,xX0wXSWKY3go9uG+O3cvKPsQqs8=
48,-31,HHYvI0hliKrRv7E6qiO73ar54WA=,xX0wXSWKY3go9uG+O3cvKPsQqs8=
48,-32,HHYvI0hliKrRv7E6qiO73ar54WA=,xX0wXSWKY3go9uG+O3cvKPsQqs8=
50,-31,HHYvI0hliKrRv7E6qiO73ar54WA=,xX0wXSWKY3go9uG+O3cvKPsQqs8=
50,-28,HHYvI0hliKrRv7E6qiO73ar54WA=,vt/imwdKXT5/Sjsl9urZYFtDTrY=
49,-32,HHYvI0hliKrRv7E6qiO73ar54WA=,xX0wXSWKY3go9uG+O3cvKPsQqs8=
48,-30,HHYvI0hliKrRv7E6qiO73ar54WA=,xX0wXSWKY3go9uG+O3cvKPsQqs8=
49,-31,HHYvI0hliKrRv7E6qiO73ar54WA=,xX0wXSWKY3go9uG+O3cvKPsQqs8=
49,-30,HHYvI0hliKrRv7E6qiO73ar54WA=,xX0wXSWKY3go9uG+O3cvKPsQqs8=
48,-29,HHYvI0hliKrRv7E6qiO73ar54WA=,xX0wXSWKY3go9uG+O3cvKPsQqs8=
52,-32,HHYvI0hliKrRv7E6qiO73ar54WA=,KdVHXG2biRZpHaCOT4oR6byUiRM=
53,-32,HHYvI0hliKrRv7E6qiO73ar54WA=,KdVHXG2biRZpHaCOT4oR6byUiRM=
54,-32,HHYvI0hliKrRv7E6qiO73ar54WA=,KdVHXG2biRZpHaCOT4oR6byUiRM=
55,-32,HHYvI0hliKrRv7E6qiO73ar54WA=,KdVHXG2biRZpHaCOT4oR6byUiRM=
53,-29,HHYvI0hliKrRv7E6qiO73ar54WA=,KdVHXG2biRZpHaCOT4oR6byUiRM=
51,-28,HHYvI0hliKrRv7E6qiO73ar54WA=,vt/imwdKXT5/Sjsl9urZYFtDTrY=
51,-31,HHYvI0hliKrRv7E6qiO73ar54WA=,xX0wXSWKY3go9uG+O3cvKPsQqs8=
48,-28,HHYvI0hliKrRv7E6qiO73ar54WA=,vt/imwdKXT5/Sjsl9urZYFtDTrY=
51,-32,HHYvI0hliKrRv7E6qiO73ar54WA=,xX0wXSWKY3go9uG+O3cvKPsQqs8=
55,-30,HHYvI0hliKrRv7E6qiO73ar54WA=,KdVHXG2biRZpHaCOT4oR6byUiRM=
55,-29,HHYvI0hliKrRv7E6qiO73ar54WA=,KdVHXG2biRZpHaCOT4oR6byUiRM=
52,-29,HHYvI0hliKrRv7E6qiO73ar54WA=,KdVHXG2biRZpHaCOT4oR6byUiRM=
54,-29,HHYvI0hliKrRv7E6qiO73ar54WA=,KdVHXG2biRZpHaCOT4oR6byUiRM=
49,-28,HHYvI0hliKrRv7E6qiO73ar54WA=,vt/imwdKXT5/Sjsl9urZYFtDTrY=
54,-31,HHYvI0hliKrRv7E6qiO73ar54WA=,KdVHXG2biRZpHaCOT4oR6byUiRM=
53,-31,HHYvI0hliKrRv7E6qiO73ar54WA=,KdVHXG2biRZpHaCOT4oR6byUiRM=
50,-30,HHYvI0hliKrRv7E6qiO73ar54WA=,xX0wXSWKY3go9uG+O3cvKPsQqs8=
53,-30,HHYvI0hliKrRv7E6qiO73ar54WA=,KdVHXG2biRZpHaCOT4oR6byUiRM=
51,-30,HHYvI0hliKrRv7E6qiO73ar54WA=,xX0wXSWKY3go9uG+O3cvKPsQqs8=
52,-31,HHYvI0hliKrRv7E6qiO73ar54WA=,KdVHXG2biRZpHaCOT4oR6byUiRM=
50,-29,HHYvI0hliKrRv7E6qiO73ar54WA=,xX0wXSWKY3go9uG+O3cvKPsQqs8=
49,-29,HHYvI0hliKrRv7E6qiO73ar54WA=,xX0wXSWKY3go9uG+O3cvKPsQqs8=
52,-30,HHYvI0hliKrRv7E6qiO73ar54WA=,KdVHXG2biRZpHaCOT4oR6byUiRM=
55,-31,HHYvI0hliKrRv7E6qiO73ar54WA=,KdVHXG2biRZpHaCOT4oR6byUiRM=
54,-30,HHYvI0hliKrRv7E6qiO73ar54WA=,KdVHXG2biRZpHaCOT4oR6byUiRM=
51,-29,HHYvI0hliKrRv7E6qiO73ar54WA=,xX0wXSWKY3go9uG+O3cvKPsQqs8=
38,-27,0ghaVmgWl7swFVzhlXw+pGtOEMU=,bDr/n3anQcXMpr46BOj0Vl1FBlc=
37,-26,0ghaVmgWl7swFVzhlXw+pGtOEMU=,bDr/n3anQcXMpr46BOj0Vl1FBlc=
39,-27,0ghaVmgWl7swFVzhlXw+pGtOEMU=,bDr/n3anQcXMpr46BOj0Vl1FBlc=
37,-27,0ghaVmgWl7swFVzhlXw+pGtOEMU=,bDr/n3anQcXMpr46BOj0Vl1FBlc=
39,-26,0ghaVmgWl7swFVzhlXw+pGtOEMU=,bDr/n3anQcXMpr46BOj0Vl1FBlc=
38,-26,0ghaVmgWl7swFVzhlXw+pGtOEMU=,bDr/n3anQcXMpr46BOj0Vl1FBlc=
36,-26,0ghaVmgWl7swFVzhlXw+pGtOEMU=,bDr/n3anQcXMpr46BOj0Vl1FBlc=
33,-26,0ghaVmgWl7swFVzhlXw+pGtOEMU=,jgEP0OZODW74VQXdwXdxXWkdAZs=
35,-26,0ghaVmgWl7swFVzhlXw+pGtOEMU=,jgEP0OZODW74VQXdwXdxXWkdAZs=
34,-26,0ghaVmgWl7swFVzhlXw+pGtOEMU=,jgEP0OZODW74VQXdwXdxXWkdAZs=
37,-25,0ghaVmgWl7swFVzhlXw+pGtOEMU=,bDr/n3anQcXMpr46BOj0Vl1FBlc=
38,-25,0ghaVmgWl7swFVzhlXw+pGtOEMU=,bDr/n3anQcXMpr46BOj0Vl1FBlc=
35,-23,0ghaVmgWl7swFVzhlXw+pGtOEMU=,jQMOlw3GfqeIrgMvEZGVIjq+u6E=
35,-25,0ghaVmgWl7swFVzhlXw+pGtOEMU=,jgEP0OZODW74VQXdwXdxXWkdAZs=
33,-22,0ghaVmgWl7swFVzhlXw+pGtOEMU=,jQMOlw3GfqeIrgMvEZGVIjq+u6E=
34,-23,0ghaVmgWl7swFVzhlXw+pGtOEMU=,jQMOlw3GfqeIrgMvEZGVIjq+u6E=
34,-22,0ghaVmgWl7swFVzhlXw+pGtOEMU=,jQMOlw3GfqeIrgMvEZGVIjq+u6E=
33,-25,0ghaVmgWl7swFVzhlXw+pGtOEMU=,jgEP0OZODW74VQXdwXdxXWkdAZs=
34,-25,0ghaVmgWl7swFVzhlXw+pGtOEMU=,jgEP0OZODW74VQXdwXdxXWkdAZs=
35,-22,0ghaVmgWl7swFVzhlXw+pGtOEMU=,jQMOlw3GfqeIrgMvEZGVIjq+u6E=
35,-24,0ghaVmgWl7swFVzhlXw+pGtOEMU=,jQMOlw3GfqeIrgMvEZGVIjq+u6E=
33,-23,0ghaVmgWl7swFVzhlXw+pGtOEMU=,jQMOlw3GfqeIrgMvEZGVIjq+u6E=
33,-24,0ghaVmgWl7swFVzhlXw+pGtOEMU=,jQMOlw3GfqeIrgMvEZGVIjq+u6E=
34,-24,0ghaVmgWl7swFVzhlXw+pGtOEMU=,jQMOlw3GfqeIrgMvEZGVIjq+u6E=
36,-25,0ghaVmgWl7swFVzhlXw+pGtOEMU=,bDr/n3anQcXMpr46BOj0Vl1FBlc=
38,-31,0ghaVmgWl7swFVzhlXw+pGtOEMU=,hPt12+Tj4nn2z9fSqr7JEr0jonE=
38,-28,0ghaVmgWl7swFVzhlXw+pGtOEMU=,bDr/n3anQcXMpr46BOj0Vl1FBlc=
39,-31,0ghaVmgWl7swFVzhlXw+pGtOEMU=,hPt12+Tj4nn2z9fSqr7JEr0jonE=
39,-28,0ghaVmgWl7swFVzhlXw+pGtOEMU=,bDr/n3anQcXMpr46BOj0Vl1FBlc=
38,-29,0ghaVmgWl7swFVzhlXw+pGtOEMU=,hPt12+Tj4nn2z9fSqr7JEr0jonE=
38,-30,0ghaVmgWl7swFVzhlXw+pGtOEMU=,hPt12+Tj4nn2z9fSqr7JEr0jonE=
39,-30,0ghaVmgWl7swFVzhlXw+pGtOEMU=,hPt12+Tj4nn2z9fSqr7JEr0jonE=
38,-32,7SFGJXBylVZHJlzUPchyZreovWY=,hPt12+Tj4nn2z9fSqr7JEr0jonE=
32,-26,7SFGJXBylVZHJlzUPchyZreovWY=,jgEP0OZODW74VQXdwXdxXWkdAZs=
39,-29,7SFGJXBylVZHJlzUPchyZreovWY=,hPt12+Tj4nn2z9fSqr7JEr0jonE=
32,-27,7SFGJXBylVZHJlzUPchyZreovWY=,jgEP0OZODW74VQXdwXdxXWkdAZs=
33,-21,7SFGJXBylVZHJlzUPchyZreovWY=,jQMOlw3GfqeIrgMvEZGVIjq+u6E=
34,-21,7SFGJXBylVZHJlzUPchyZreovWY=,jQMOlw3GfqeIrgMvEZGVIjq+u6E=
39,-32,7SFGJXBylVZHJlzUPchyZreovWY=,hPt12+Tj4nn2z9fSqr7JEr0jonE=
35,-21,7SFGJXBylVZHJlzUPchyZreovWY=,jQMOlw3GfqeIrgMvEZGVIjq+u6E=
39,-25,7SFGJXBylVZHJlzUPchyZreovWY=,bDr/n3anQcXMpr46BOj0Vl1FBlc=
32,-23,7SFGJXBylVZHJlzUPchyZreovWY=,jQMOlw3GfqeIrgMvEZGVIjq+u6E=
32,-22,7SFGJXBylVZHJlzUPchyZreovWY=,jQMOlw3GfqeIrgMvEZGVIjq+u6E=
32,-21,7SFGJXBylVZHJlzUPchyZreovWY=,jQMOlw3GfqeIrgMvEZGVIjq+u6E=
32,-25,7SFGJXBylVZHJlzUPchyZreovWY=,jgEP0OZODW74VQXdwXdxXWkdAZs=
32,-24,7SFGJXBylVZHJlzUPchyZreovWY=,jQMOlw3GfqeIrgMvEZGVIjq+u6E=
32,-29,7SFGJXBylVZHJlzUPchyZreovWY=,jNnFw60SOGMAKCgqtilBTPCQtvw=
32,-30,7SFGJXBylVZHJlzUPchyZreovWY=,jNnFw60SOGMAKCgqtilBTPCQtvw=
34,-27,7SFGJXBylVZHJlzUPchyZreovWY=,jgEP0OZODW74VQXdwXdxXWkdAZs=
35,-27,7SFGJXBylVZHJlzUPchyZreovWY=,jgEP0OZODW74VQXdwXdxXWkdAZs=
34,-32,7SFGJXBylVZHJlzUPchyZreovWY=,jNnFw60SOGMAKCgqtilBTPCQtvw=
33,-27,7SFGJXBylVZHJlzUPchyZreovWY=,jgEP0OZODW74VQXdwXdxXWkdAZs=
37,-28,7SFGJXBylVZHJlzUPchyZreovWY=,bDr/n3anQcXMpr46BOj0Vl1FBlc=
36,-27,7SFGJXBylVZHJlzUPchyZreovWY=,bDr/n3anQcXMpr46BOj0Vl1FBlc=
37,-29,7SFGJXBylVZHJlzUPchyZreovWY=,hPt12+Tj4nn2z9fSqr7JEr0jonE=
33,-28,7SFGJXBylVZHJlzUPchyZreovWY=,jgEP0OZODW74VQXdwXdxXWkdAZs=
36,-30,7SFGJXBylVZHJlzUPchyZreovWY=,hPt12+Tj4nn2z9fSqr7JEr0jonE=
35,-28,7SFGJXBylVZHJlzUPchyZreovWY=,jgEP0OZODW74VQXdwXdxXWkdAZs=
34,-28,7SFGJXBylVZHJlzUPchyZreovWY=,jgEP0OZODW74VQXdwXdxXWkdAZs=
32,-28,7SFGJXBylVZHJlzUPchyZreovWY=,jgEP0OZODW74VQXdwXdxXWkdAZs=
37,-32,7SFGJXBylVZHJlzUPchyZreovWY=,hPt12+Tj4nn2z9fSqr7JEr0jonE=
37,-30,7SFGJXBylVZHJlzUPchyZreovWY=,hPt12+Tj4nn2z9fSqr7JEr0jonE=
33,-32,7SFGJXBylVZHJlzUPchyZreovWY=,jNnFw60SOGMAKCgqtilBTPCQtvw=
33,-29,7SFGJXBylVZHJlzUPchyZreovWY=,jNnFw60SOGMAKCgqtilBTPCQtvw=
37,-31,7SFGJXBylVZHJlzUPchyZreovWY=,hPt12+Tj4nn2z9fSqr7JEr0jonE=
36,-32,7SFGJXBylVZHJlzUPchyZreovWY=,hPt12+Tj4nn2z9fSqr7JEr0jonE=
34,-29,7SFGJXBylVZHJlzUPchyZreovWY=,jNnFw60SOGMAKCgqtilBTPCQtvw=
36,-31,7SFGJXBylVZHJlzUPchyZreovWY=,hPt12+Tj4nn2z9fSqr7JEr0jonE=
33,-30,7SFGJXBylVZHJlzUPchyZreovWY=,jNnFw60SOGMAKCgqtilBTPCQtvw=
36,-28,7SFGJXBylVZHJlzUPchyZreovWY=,bDr/n3anQcXMpr46BOj0Vl1FBlc=
34,-30,7SFGJXBylVZHJlzUPchyZreovWY=,jNnFw60SOGMAKCgqtilBTPCQtvw=
34,-31,7SFGJXBylVZHJlzUPchyZreovWY=,jNnFw60SOGMAKCgqtilBTPCQtvw=
35,-31,7SFGJXBylVZHJlzUPchyZreovWY=,jNnFw60SOGMAKCgqtilBTPCQtvw=
35,-30,7SFGJXBylVZHJlzUPchyZreovWY=,jNnFw60SOGMAKCgqtilBTPCQtvw=
35,-29,7SFGJXBylVZHJlzUPchyZreovWY=,jNnFw60SOGMAKCgqtilBTPCQtvw=
33,-31,7SFGJXBylVZHJlzUPchyZreovWY=,jNnFw60SOGMAKCgqtilBTPCQtvw=
36,-29,7SFGJXBylVZHJlzUPchyZreovWY=,hPt12+Tj4nn2z9fSqr7JEr0jonE=
35,-32,7SFGJXBylVZHJlzUPchyZreovWY=,jNnFw60SOGMAKCgqtilBTPCQtvw=
32,-31,7SFGJXBylVZHJlzUPchyZreovWY=,jNnFw60SOGMAKCgqtilBTPCQtvw=
32,-32,7SFGJXBylVZHJlzUPchyZreovWY=,jNnFw60SOGMAKCgqtilBTPCQtvw=
